scenario,nationality,category,period,n,mean,sd_across_runs,mcse_mean,interval_scope
Capped,China,EB-1,full,2,85.87680137093547,0.04236087968429844,0.029953665281794883,No interval: descriptive long-follow-up comparison
Capped,China,EB-1,projection,2,73.31406454582705,0.14847309315518722,0.10498633099377486,No interval: descriptive long-follow-up comparison
Capped,China,EB-2,full,2,29.832376173949307,0.17050010892695608,0.12056178321529565,No interval: descriptive long-follow-up comparison
Capped,China,EB-2,projection,2,0.0,0.0,0.0,No interval: descriptive long-follow-up comparison
Capped,China,EB-3,full,2,27.29896914435554,0.3951910092786265,0.2794422425248726,No interval: descriptive long-follow-up comparison
Capped,China,EB-3,projection,2,5.875229701930513,0.11102838465098457,0.07850892369089957,No interval: descriptive long-follow-up comparison
Capped,China,EB-4,full,2,99.05629197805317,0.10804719092028615,0.0764009013878919,No interval: descriptive long-follow-up comparison
Capped,China,EB-4,projection,2,100.0,0.0,0.0,No interval: descriptive long-follow-up comparison
Capped,China,EB-5,full,2,91.08444110197199,0.19030894745527774,0.13456874726610124,No interval: descriptive long-follow-up comparison
Capped,China,EB-5,projection,2,89.2672740668396,0.11936216662282068,0.08440179743611508,No interval: descriptive long-follow-up comparison
Capped,India,EB-1,full,2,89.72306885132846,0.06667209553279844,0.0471442908671591,No interval: descriptive long-follow-up comparison
Capped,India,EB-1,projection,2,80.51231638691215,0.08621155453083791,0.06096077482538931,No interval: descriptive long-follow-up comparison
Capped,India,EB-2,full,2,13.6934763700962,0.008266826133149566,0.005845528817640222,No interval: descriptive long-follow-up comparison
Capped,India,EB-2,projection,2,0.0,0.0,0.0,No interval: descriptive long-follow-up comparison
Capped,India,EB-3,full,2,1.2862535390766026,0.004752447612218288,0.003360487933833367,No interval: descriptive long-follow-up comparison
Capped,India,EB-3,projection,2,0.0,0.0,0.0,No interval: descriptive long-follow-up comparison
Capped,India,EB-4,full,2,40.073166901506724,0.3100538403828893,0.21924117306767243,No interval: descriptive long-follow-up comparison
Capped,India,EB-4,projection,2,11.839205117351721,0.07324679157460239,0.051793303022559016,No interval: descriptive long-follow-up comparison
Capped,India,EB-5,full,2,93.93556618913595,0.19178160936515865,0.13561007648897316,No interval: descriptive long-follow-up comparison
Capped,India,EB-5,projection,2,90.46343563471959,0.20773164265619046,0.14688845318921293,No interval: descriptive long-follow-up comparison
Capped,ROW,EB-1,full,2,99.92623798929199,0.003784755169122465,0.002676226045217333,No interval: descriptive long-follow-up comparison
Capped,ROW,EB-1,projection,2,100.0,0.0,0.0,No interval: descriptive long-follow-up comparison
Capped,ROW,EB-2,full,2,93.93329888866884,0.10924120904806062,0.07724519970290089,No interval: descriptive long-follow-up comparison
Capped,ROW,EB-2,projection,2,89.81602660656154,0.2241636282223331,0.15850762161139187,No interval: descriptive long-follow-up comparison
Capped,ROW,EB-3,full,2,80.93932802103035,0.11818520330456214,0.08356955869256665,No interval: descriptive long-follow-up comparison
Capped,ROW,EB-3,projection,2,68.98987365258546,0.21662125064032084,0.1531743552768816,No interval: descriptive long-follow-up comparison
Capped,ROW,EB-4,full,2,25.31940273399486,0.03191266531229819,0.02256566204806276,No interval: descriptive long-follow-up comparison
Capped,ROW,EB-4,projection,2,0.0,0.0,0.0,No interval: descriptive long-follow-up comparison
Capped,ROW,EB-5,full,2,99.98608477822484,0.003219440302313708,0.0022764880693912914,No interval: descriptive long-follow-up comparison
Capped,ROW,EB-5,projection,2,100.0,0.0,0.0,No interval: descriptive long-follow-up comparison
Uncapped,China,EB-1,full,2,96.67706699078087,0.09188645217980397,0.0649735334355128,No interval: descriptive long-follow-up comparison
Uncapped,China,EB-1,projection,2,94.68705920239375,0.15180847527399982,0.1073448023078356,No interval: descriptive long-follow-up comparison
Uncapped,China,EB-2,full,2,33.663470808069924,0.22540846195539901,0.15938785198549255,No interval: descriptive long-follow-up comparison
Uncapped,China,EB-2,projection,2,3.6936654177362076,0.14860412991074348,0.10507898797221336,No interval: descriptive long-follow-up comparison
Uncapped,China,EB-3,full,2,45.72791420278775,0.8542407171762244,0.6040394038809679,No interval: descriptive long-follow-up comparison
Uncapped,China,EB-3,projection,2,35.98153946614083,0.7546360872356787,0.5336082946124314,No interval: descriptive long-follow-up comparison
Uncapped,China,EB-4,full,2,48.249840365149936,1.0324476174451058,0.7300507115153287,No interval: descriptive long-follow-up comparison
Uncapped,China,EB-4,projection,2,0.0,0.0,0.0,No interval: descriptive long-follow-up comparison
Uncapped,China,EB-5,full,2,95.74908522982409,0.21676689351900832,0.15327734034403306,No interval: descriptive long-follow-up comparison
Uncapped,China,EB-5,projection,2,95.86339534696927,0.0743305002443458,0.05255960077176524,No interval: descriptive long-follow-up comparison
Uncapped,India,EB-1,full,2,97.5879434976195,0.020486419448240395,0.014486086114082752,No interval: descriptive long-follow-up comparison
Uncapped,India,EB-1,projection,2,96.08531572632268,0.07905270514212971,0.05589870387714057,No interval: descriptive long-follow-up comparison
Uncapped,India,EB-2,full,2,35.667566148334146,0.01422179817439587,0.01005632992978178,No interval: descriptive long-follow-up comparison
Uncapped,India,EB-2,projection,2,4.75996559761834,0.00992007813414397,0.007014554518553595,No interval: descriptive long-follow-up comparison
Uncapped,India,EB-3,full,2,61.91839139701365,0.01967334770455169,0.013911157570529296,No interval: descriptive long-follow-up comparison
Uncapped,India,EB-3,projection,2,55.686105368376545,0.09709633025766248,0.0686574735535217,No interval: descriptive long-follow-up comparison
Uncapped,India,EB-4,full,2,28.714814396494162,0.16865659453110446,0.11925822168477394,No interval: descriptive long-follow-up comparison
Uncapped,India,EB-4,projection,2,0.04003734135957959,0.007895690926985848,0.0055830965966247904,No interval: descriptive long-follow-up comparison
Uncapped,India,EB-5,full,2,96.19634237021923,0.09713526408071273,0.06868500392381804,No interval: descriptive long-follow-up comparison
Uncapped,India,EB-5,projection,2,95.12970952934384,0.12343842169706729,0.08728414504096094,No interval: descriptive long-follow-up comparison
Uncapped,ROW,EB-1,full,2,96.7871988876139,0.07852297470680825,0.05552412789412386,No interval: descriptive long-follow-up comparison
Uncapped,ROW,EB-1,projection,2,93.72192179664384,0.16461545975187147,0.11640070787868949,No interval: descriptive long-follow-up comparison
Uncapped,ROW,EB-2,full,2,46.23036845206267,0.028193247879133358,0.019935636759008446,No interval: descriptive long-follow-up comparison
Uncapped,ROW,EB-2,projection,2,2.3957376849353493,0.017709294463065073,0.012522362204862691,No interval: descriptive long-follow-up comparison
Uncapped,ROW,EB-3,full,2,61.59187214287236,0.04338612156329398,0.030678620766789066,No interval: descriptive long-follow-up comparison
Uncapped,ROW,EB-3,projection,2,34.55226471517723,0.004052173758426603,0.0028653195431296297,No interval: descriptive long-follow-up comparison
Uncapped,ROW,EB-4,full,2,25.828017457792278,0.05188535750079939,0.03668848813310354,No interval: descriptive long-follow-up comparison
Uncapped,ROW,EB-4,projection,2,0.019236075056081957,5.663891729122639e-05,4.004976249569018e-05,No interval: descriptive long-follow-up comparison
Uncapped,ROW,EB-5,full,2,96.45313122781911,0.041336428953353675,0.029229269222952322,No interval: descriptive long-follow-up comparison
Uncapped,ROW,EB-5,projection,2,92.93409289918856,0.0891117385113649,0.06301151458470854,No interval: descriptive long-follow-up comparison
