metric,period,dimension,group,scenario,n,mean,sd_across_runs,mcse_mean,mean_ci95_low,mean_ci95_high,p025,p975
ageouts,historical,overall,All,Uncapped,50,23263.84,166.59180958380924,23.559639649369917,23216.495131564938,23311.184868435063,22954.275,23503.9
ageouts,historical,overall,All,Capped,50,23263.84,166.59180958380924,23.559639649369917,23216.495131564938,23311.184868435063,22954.275,23503.9
ageouts,historical,overall,All,Capped minus uncapped,50,0.0,0.0,0.0,0.0,0.0,0.0,0.0
ageouts,projection,overall,All,Uncapped,50,199826.34,492.952190006955,69.71396727093546,199686.24453769028,199966.43546230972,198848.8,200689.575
ageouts,projection,overall,All,Capped,50,266684.3,587.251858147728,83.04995423213178,266517.4048685304,266851.1951314696,265614.7,267661.875
ageouts,projection,overall,All,Capped minus uncapped,50,66857.96,508.1552856024566,71.86400966905677,66713.54386572825,67002.37613427176,66006.275,67921.65
ageouts,full,overall,All,Uncapped,50,223090.18,581.4512347285428,82.22962220116871,222924.93338746604,223255.42661253395,222002.175,224035.975
ageouts,full,overall,All,Capped,50,289948.14,646.3342475777039,91.40546587505986,289764.45383923926,290131.8261607608,288811.875,291012.325
ageouts,full,overall,All,Capped minus uncapped,50,66857.96,508.1552856024566,71.86400966905677,66713.54386572825,67002.37613427176,66006.275,67921.65
ageouts,historical,nationality,India,Uncapped,50,14221.6,123.30268050779823,17.43763230510849,14186.557765925489,14256.642234074512,14009.925,14453.65
ageouts,historical,nationality,India,Capped,50,14221.6,123.30268050779823,17.43763230510849,14186.557765925489,14256.642234074512,14009.925,14453.65
ageouts,historical,nationality,India,Capped minus uncapped,50,0.0,0.0,0.0,0.0,0.0,0.0,0.0
ageouts,projection,nationality,India,Uncapped,50,73477.4,325.69586414071546,46.060350827662475,73384.83825956324,73569.96174043675,72795.525,74120.575
ageouts,projection,nationality,India,Capped,50,193500.98,489.8328115442106,69.27282053811669,193361.7710552405,193640.18894475952,192588.425,194380.925
ageouts,projection,nationality,India,Capped minus uncapped,50,120023.58,321.6149992694713,45.483229382949936,119932.17802852736,120114.98197147265,119409.8,120540.175
ageouts,full,nationality,India,Uncapped,50,87699.0,347.70612738404276,49.17307210667403,87600.18301196086,87797.81698803914,87051.95,88362.15
ageouts,full,nationality,India,Capped,50,207722.58,500.6290773229462,70.79964308684394,207580.30279045508,207864.8572095449,206769.075,208643.9
ageouts,full,nationality,India,Capped minus uncapped,50,120023.58,321.6149992694713,45.483229382949936,119932.17802852736,120114.98197147265,119409.8,120540.175
ageouts,historical,nationality,China,Uncapped,50,2080.78,55.67628374297777,7.873815557185183,2064.956975234558,2096.6030247654426,1974.6,2175.1
ageouts,historical,nationality,China,Capped,50,2080.78,55.67628374297777,7.873815557185183,2064.956975234558,2096.6030247654426,1974.6,2175.1
ageouts,historical,nationality,China,Capped minus uncapped,50,0.0,0.0,0.0,0.0,0.0,0.0,0.0
ageouts,projection,nationality,China,Uncapped,50,14679.26,145.87271639259723,20.62951739026151,14637.803432698604,14720.716567301397,14413.45,14904.65
ageouts,projection,nationality,China,Capped,50,18742.12,173.5967224368488,24.550283925370934,18692.78435735908,18791.455642640918,18511.475,19086.3
ageouts,projection,nationality,China,Capped minus uncapped,50,4062.86,111.3672010485482,15.749700612638803,4031.2097916566418,4094.5102083433585,3875.125,4271.9
ageouts,full,nationality,China,Uncapped,50,16760.04,158.71203032986685,22.44527058042677,16714.93454005091,16805.145459949093,16469.375,17021.75
ageouts,full,nationality,China,Capped,50,20822.9,188.11408284141118,26.60334872276996,20769.43856918201,20876.361430817993,20551.225,21164.45
ageouts,full,nationality,China,Capped minus uncapped,50,4062.86,111.3672010485482,15.749700612638803,4031.2097916566418,4094.5102083433585,3875.125,4271.9
ageouts,historical,nationality,ROW,Uncapped,50,6961.46,104.93267229174006,14.839720829103028,6931.6384644959235,6991.281535504077,6722.425,7152.425
ageouts,historical,nationality,ROW,Capped,50,6961.46,104.93267229174006,14.839720829103028,6931.6384644959235,6991.281535504077,6722.425,7152.425
ageouts,historical,nationality,ROW,Capped minus uncapped,50,0.0,0.0,0.0,0.0,0.0,0.0,0.0
ageouts,projection,nationality,ROW,Uncapped,50,111669.68,417.46428125343726,59.03836483549472,111551.03796398597,111788.32203601401,111002.575,112551.6
ageouts,projection,nationality,ROW,Capped,50,54441.2,310.5582202474526,43.91956469803982,54352.94033035732,54529.459669642674,53950.8,55116.8
ageouts,projection,nationality,ROW,Capped minus uncapped,50,-57228.48,398.6157804304331,56.372784286065425,-57341.765351349306,-57115.1946486507,-57786.7,-56416.325
ageouts,full,nationality,ROW,Uncapped,50,118631.14,445.6614442120193,63.02604586314182,118504.48441893926,118757.79558106074,117964.55,119585.675
ageouts,full,nationality,ROW,Capped,50,61402.66,347.7411428763925,49.17802404509144,61303.83306066804,61501.48693933197,60824.65,62144.025
ageouts,full,nationality,ROW,Capped minus uncapped,50,-57228.48,398.6157804304331,56.372784286065425,-57341.765351349306,-57115.1946486507,-57786.7,-56416.325
ageouts,historical,category,EB-1,Uncapped,50,2.1,1.359021256460032,0.19219462924391012,1.7137704323622032,2.486229567637797,0.0,4.774999999999999
ageouts,historical,category,EB-1,Capped,50,2.1,1.359021256460032,0.19219462924391012,1.7137704323622032,2.486229567637797,0.0,4.774999999999999
ageouts,historical,category,EB-1,Capped minus uncapped,50,0.0,0.0,0.0,0.0,0.0,0.0,0.0
ageouts,projection,category,EB-1,Uncapped,50,749.94,32.23030010561427,4.558052752871469,740.7802500583008,759.0997499416993,693.475,805.325
ageouts,projection,category,EB-1,Capped,50,2513.86,63.49289209776773,8.979250911895463,2495.8155197194847,2531.9044802805156,2385.125,2609.65
ageouts,projection,category,EB-1,Capped minus uncapped,50,1763.92,64.39921409078067,9.107424197335055,1745.6179458590038,1782.2220541409963,1641.375,1888.875
ageouts,full,category,EB-1,Uncapped,50,752.04,32.05031758255848,4.532599380361907,742.9314005253973,761.1485994746026,697.475,807.1
ageouts,full,category,EB-1,Capped,50,2515.96,63.46426280247194,8.975202118126616,2497.923656075183,2533.996343924817,2386.675,2611.875
ageouts,full,category,EB-1,Capped minus uncapped,50,1763.92,64.39921409078067,9.107424197335055,1745.6179458590038,1782.2220541409963,1641.375,1888.875
ageouts,historical,category,EB-2,Uncapped,50,6299.3,85.00666240396234,12.021757486375462,6275.141373848607,6323.458626151393,6167.125,6456.075
ageouts,historical,category,EB-2,Capped,50,6299.3,85.00666240396234,12.021757486375462,6275.141373848607,6323.458626151393,6167.125,6456.075
ageouts,historical,category,EB-2,Capped minus uncapped,50,0.0,0.0,0.0,0.0,0.0,0.0,0.0
ageouts,projection,category,EB-2,Uncapped,50,108480.26,344.84973420850054,48.76911710984185,108382.2547899194,108578.26521008059,107884.0,108904.65
ageouts,projection,category,EB-2,Capped,50,149846.08,404.2582948803794,57.170756332165446,149731.19106378692,149960.96893621306,149051.975,150590.75
ageouts,projection,category,EB-2,Capped minus uncapped,50,41365.82,352.1097167830806,49.7958336917982,41265.751525700754,41465.888474299245,40611.4,41963.6
ageouts,full,category,EB-2,Uncapped,50,114779.56,370.71123918373837,52.426486217777914,114674.20503152706,114884.91496847293,114117.75,115410.8
ageouts,full,category,EB-2,Capped,50,156145.38,405.78052225913694,57.386031792570904,156030.05845155256,156260.70154844745,155282.325,156828.0
ageouts,full,category,EB-2,Capped minus uncapped,50,41365.82,352.1097167830806,49.7958336917982,41265.751525700754,41465.888474299245,40611.4,41963.6
ageouts,historical,category,EB-3,Uncapped,50,9609.7,86.26850585260426,12.200209098241567,9585.182761908376,9634.217238091625,9451.175,9763.9
ageouts,historical,category,EB-3,Capped,50,9609.7,86.26850585260426,12.200209098241567,9585.182761908376,9634.217238091625,9451.175,9763.9
ageouts,historical,category,EB-3,Capped minus uncapped,50,0.0,0.0,0.0,0.0,0.0,0.0,0.0
ageouts,projection,category,EB-3,Uncapped,50,40211.84,229.95947824052186,32.521181292398666,40146.4862393926,40277.19376060739,39838.15,40585.4
ageouts,projection,category,EB-3,Capped,50,63563.84,264.77686871039475,37.44510387329206,63488.5912465045,63639.088753495496,63109.125,64046.775
ageouts,projection,category,EB-3,Capped minus uncapped,50,23352.0,282.27045939116255,39.9190711928266,23271.779623041697,23432.220376958303,22837.45,23908.55
ageouts,full,category,EB-3,Uncapped,50,49821.54,255.2683430015863,36.100395271735046,49748.99353961134,49894.08646038866,49359.875,50262.7
ageouts,full,category,EB-3,Capped,50,73173.54,271.722037594093,38.427299076121834,73096.31745134685,73250.76254865313,72761.95,73676.8
ageouts,full,category,EB-3,Capped minus uncapped,50,23352.0,282.27045939116255,39.9190711928266,23271.779623041697,23432.220376958303,22837.45,23908.55
ageouts,historical,category,EB-4,Uncapped,50,7140.56,106.6503269797986,15.082633884635639,7110.25031243475,7170.86968756525,6909.825,7312.775
ageouts,historical,category,EB-4,Capped,50,7140.56,106.6503269797986,15.082633884635639,7110.25031243475,7170.86968756525,6909.825,7312.775
ageouts,historical,category,EB-4,Capped minus uncapped,50,0.0,0.0,0.0,0.0,0.0,0.0,0.0
ageouts,projection,category,EB-4,Uncapped,50,49807.56,241.6991856141237,34.18142663100258,49738.869851472584,49876.25014852741,49376.4,50226.3
ageouts,projection,category,EB-4,Capped,50,49638.32,287.0287221637214,40.591991167455376,49556.74733972411,49719.89266027589,49161.0,50246.275
ageouts,projection,category,EB-4,Capped minus uncapped,50,-169.24,206.55587374749678,29.211411804153467,-227.94252980321158,-110.53747019678845,-569.5,178.34999999999997
ageouts,full,category,EB-4,Uncapped,50,56948.12,280.78393465293505,39.70884484826616,56868.32208869792,57027.91791130209,56513.875,57582.325
ageouts,full,category,EB-4,Capped,50,56778.88,331.7164168751523,46.911785560664775,56684.60723740777,56873.152762592224,56130.525,57475.95
ageouts,full,category,EB-4,Capped minus uncapped,50,-169.24,206.55587374749678,29.211411804153467,-227.94252980321158,-110.53747019678845,-569.5,178.34999999999997
ageouts,historical,category,EB-5,Uncapped,50,212.18,14.660358878587509,2.0732878355355275,208.01357210626654,216.34642789373348,183.45,239.1
ageouts,historical,category,EB-5,Capped,50,212.18,14.660358878587509,2.0732878355355275,208.01357210626654,216.34642789373348,183.45,239.1
ageouts,historical,category,EB-5,Capped minus uncapped,50,0.0,0.0,0.0,0.0,0.0,0.0,0.0
ageouts,projection,category,EB-5,Uncapped,50,576.74,27.54055265996539,3.894822308697347,568.9130615354233,584.5669384645768,524.45,613.325
ageouts,projection,category,EB-5,Capped,50,1122.2,49.79181147333283,7.0416255080711565,1108.0493237498426,1136.3506762501574,1034.85,1223.2749999999999
ageouts,projection,category,EB-5,Capped minus uncapped,50,545.46,44.77390366027505,6.331986179674734,532.7353973714811,558.184602628519,474.9,638.625
ageouts,full,category,EB-5,Uncapped,50,788.92,30.2282743706711,4.2749235582138105,780.329219476793,797.5107805232069,730.35,832.875
ageouts,full,category,EB-5,Capped,50,1334.38,49.9260228247959,7.060605859417506,1320.191181305785,1348.5688186942152,1250.125,1438.35
ageouts,full,category,EB-5,Capped minus uncapped,50,545.46,44.77390366027505,6.331986179674734,532.7353973714811,558.184602628519,474.9,638.625
exits,historical,overall,All,Uncapped,50,239434.64,402.00034318190245,56.8514337406485,239320.39276655953,239548.8872334405,238853.3,240407.6
exits,historical,overall,All,Capped,50,239434.64,402.00034318190245,56.8514337406485,239320.39276655953,239548.8872334405,238853.3,240407.6
exits,historical,overall,All,Capped minus uncapped,50,0.0,0.0,0.0,0.0,0.0,0.0,0.0
exits,projection,overall,All,Uncapped,50,1071919.44,910.4727670786407,128.76029353739736,1071660.6865025817,1072178.1934974182,1070157.675,1073601.825
exits,projection,overall,All,Capped,50,1092999.42,865.5788458409476,122.41133430915185,1092753.4252138282,1093245.4147861716,1091555.925,1094496.6
exits,projection,overall,All,Capped minus uncapped,50,21079.98,627.520533528585,88.74480491837254,20901.640637612174,21258.319362387825,19588.325,22128.05
exits,full,overall,All,Uncapped,50,1311354.08,973.2081355506851,137.63241443076123,1311077.4973081336,1311630.6626918665,1309730.675,1313190.1
exits,full,overall,All,Capped,50,1332434.06,891.7275462464384,126.10931898433944,1332180.633835398,1332687.4861646022,1331053.475,1334029.3
exits,full,overall,All,Capped minus uncapped,50,21079.98,627.520533528585,88.74480491837254,20901.640637612174,21258.319362387825,19588.325,22128.05
exits,historical,nationality,India,Uncapped,50,96340.66,269.78688565879065,38.15362726490612,96263.98741544179,96417.33258455821,95963.7,96990.125
exits,historical,nationality,India,Capped,50,96340.66,269.78688565879065,38.15362726490612,96263.98741544179,96417.33258455821,95963.7,96990.125
exits,historical,nationality,India,Capped minus uncapped,50,0.0,0.0,0.0,0.0,0.0,0.0,0.0
exits,projection,nationality,India,Uncapped,50,187123.36,382.87909105531855,54.147280331951464,187014.546966287,187232.17303371298,186423.025,187931.975
exits,projection,nationality,India,Capped,50,334790.4,597.8077979294901,84.54278955242795,334620.50490363763,334960.2950963624,333670.825,335879.75
exits,projection,nationality,India,Capped minus uncapped,50,147667.04,600.6742116750382,84.94816167186063,147496.3302778646,147837.74972213543,146599.1,148986.025
exits,full,nationality,India,Uncapped,50,283464.02,490.3599881303364,69.34737456590315,283324.66123331245,283603.3787666876,282540.15,284392.45
exits,full,nationality,India,Capped,50,431131.06,676.3794795883175,95.65450333446546,430938.83507877914,431323.28492122085,429937.925,432393.725
exits,full,nationality,India,Capped minus uncapped,50,147667.04,600.6742116750382,84.94816167186063,147496.3302778646,147837.74972213543,146599.1,148986.025
exits,historical,nationality,China,Uncapped,50,32392.34,189.52880455250605,26.803420585851363,32338.476509720313,32446.203490279688,32099.475,32773.225
exits,historical,nationality,China,Capped,50,32392.34,189.52880455250605,26.803420585851363,32338.476509720313,32446.203490279688,32099.475,32773.225
exits,historical,nationality,China,Capped minus uncapped,50,0.0,0.0,0.0,0.0,0.0,0.0,0.0
exits,projection,nationality,China,Uncapped,50,95361.24,331.4758316058284,46.87776166558627,95267.03561098479,95455.44438901522,94691.325,96049.8
exits,projection,nationality,China,Capped,50,104532.28,307.81958935687754,43.5322638032613,104444.79864064479,104619.76135935521,103893.325,105128.25
exits,projection,nationality,China,Capped minus uncapped,50,9171.04,312.8531610966449,44.24411834541699,9082.128115384436,9259.951884615566,8672.275,9668.875
exits,full,nationality,China,Uncapped,50,127753.58,363.2213633247777,51.36725781575461,127650.35363069423,127856.80636930578,127242.5,128457.15
exits,full,nationality,China,Capped,50,136924.62,313.386368430995,44.31952524979646,136835.55657953667,137013.68342046332,136330.9,137509.125
exits,full,nationality,China,Capped minus uncapped,50,9171.04,312.8531610966449,44.24411834541699,9082.128115384436,9259.951884615566,8672.275,9668.875
exits,historical,nationality,ROW,Uncapped,50,110701.64,296.59081687244,41.944275569631955,110617.34982247594,110785.93017752406,110149.45,111295.075
exits,historical,nationality,ROW,Capped,50,110701.64,296.59081687244,41.944275569631955,110617.34982247594,110785.93017752406,110149.45,111295.075
exits,historical,nationality,ROW,Capped minus uncapped,50,0.0,0.0,0.0,0.0,0.0,0.0,0.0
exits,projection,nationality,ROW,Uncapped,50,789434.84,802.6551438818541,113.5125790386246,789206.7279320613,789662.9520679386,787809.675,790691.075
exits,projection,nationality,ROW,Capped,50,653676.74,766.7320211422618,108.43228230051213,653458.8371705834,653894.6428294166,652612.45,654931.15
exits,projection,nationality,ROW,Capped minus uncapped,50,-135758.1,670.9855149140626,94.8916815347362,-135948.79197342176,-135567.40802657825,-136828.6,-134498.475
exits,full,nationality,ROW,Uncapped,50,900136.48,861.1169595119954,121.78032829313473,899891.7532678926,900381.2067321073,898467.4,901576.9
exits,full,nationality,ROW,Capped,50,764378.38,875.8034186752559,123.85730726632688,764129.4794223801,764627.2805776199,763212.375,765726.125
exits,full,nationality,ROW,Capped minus uncapped,50,-135758.1,670.9855149140626,94.8916815347362,-135948.79197342176,-135567.40802657825,-136828.6,-134498.475
exits,historical,category,EB-1,Uncapped,50,2347.26,51.26872380717436,7.250492453366636,2332.689589908722,2361.8304100912783,2250.9,2419.775
exits,historical,category,EB-1,Capped,50,2347.26,51.26872380717436,7.250492453366636,2332.689589908722,2361.8304100912783,2250.9,2419.775
exits,historical,category,EB-1,Capped minus uncapped,50,0.0,0.0,0.0,0.0,0.0,0.0,0.0
exits,projection,category,EB-1,Uncapped,50,16534.0,136.6477670688327,19.32491254567428,16495.165134288523,16572.834865711477,16233.25,16763.025
exits,projection,category,EB-1,Capped,50,15781.78,127.79117052952495,18.072400651438716,15745.46215117539,15818.097848824611,15553.125,15979.0
exits,projection,category,EB-1,Capped minus uncapped,50,-752.22,118.07681519127404,16.698583344532125,-785.7770595843106,-718.6629404156895,-944.475,-517.7
exits,full,category,EB-1,Uncapped,50,18881.26,154.84789244906875,21.89879896063634,18837.252715885832,18925.267284114165,18587.25,19164.425
exits,full,category,EB-1,Capped,50,18129.04,141.0240911536546,19.943818233083796,18088.961396744988,18169.118603255014,17886.225,18403.3
exits,full,category,EB-1,Capped minus uncapped,50,-752.22,118.07681519127404,16.698583344532125,-785.7770595843106,-718.6629404156895,-944.475,-517.7
exits,historical,category,EB-2,Uncapped,50,68526.88,246.1512427060125,34.811042582983426,68456.9245908466,68596.83540915341,68163.25,68964.7
exits,historical,category,EB-2,Capped,50,68526.88,246.1512427060125,34.811042582983426,68456.9245908466,68596.83540915341,68163.25,68964.7
exits,historical,category,EB-2,Capped minus uncapped,50,0.0,0.0,0.0,0.0,0.0,0.0,0.0
exits,projection,category,EB-2,Uncapped,50,282662.88,431.7029704482905,61.05201957247239,282540.19137329044,282785.5686267096,281904.075,283531.95
exits,projection,category,EB-2,Capped,50,309215.96,532.7671298924864,75.34465006805426,309064.5492569731,309367.37074302696,308007.775,310027.075
exits,projection,category,EB-2,Capped minus uncapped,50,26553.08,607.0916563284933,85.85572539833012,26380.54646027375,26725.613539726255,25432.525,27447.325
exits,full,category,EB-2,Uncapped,50,351189.76,447.71709179538175,63.31675833232688,351062.52021036006,351316.99978963996,350220.7,352042.125
exits,full,category,EB-2,Capped,50,377742.84,588.0309710016495,83.16013742859529,377575.72344710724,377909.9565528928,376579.225,378618.3
exits,full,category,EB-2,Capped minus uncapped,50,26553.08,607.0916563284933,85.85572539833012,26380.54646027375,26725.613539726255,25432.525,27447.325
exits,historical,category,EB-3,Uncapped,50,84752.7,260.6965747408904,36.86806316627784,84678.61085322013,84826.78914677986,84202.95,85248.725
exits,historical,category,EB-3,Capped,50,84752.7,260.6965747408904,36.86806316627784,84678.61085322013,84826.78914677986,84202.95,85248.725
exits,historical,category,EB-3,Capped minus uncapped,50,0.0,0.0,0.0,0.0,0.0,0.0,0.0
exits,projection,category,EB-3,Uncapped,50,249870.64,389.93232065818495,55.14475762824197,249759.8224606128,249981.45753938722,249198.95,250634.8
exits,projection,category,EB-3,Capped,50,244833.04,452.4934528785573,63.992237794588675,244704.44278355953,244961.6372164405,244099.325,245669.625
exits,projection,category,EB-3,Capped minus uncapped,50,-5037.6,431.68970337500525,61.05014332497509,-5160.284856249061,-4914.91514375094,-5593.5,-4227.275
exits,full,category,EB-3,Uncapped,50,334623.34,441.0771883950121,62.37773418816188,334497.98725002725,334748.6927499728,333885.725,335496.925
exits,full,category,EB-3,Capped,50,329585.74,443.08435691969396,62.66159068311923,329459.81681904406,329711.6631809559,328893.625,330396.075
exits,full,category,EB-3,Capped minus uncapped,50,-5037.6,431.68970337500525,61.05014332497509,-5160.284856249061,-4914.91514375094,-5593.5,-4227.275
exits,historical,category,EB-4,Uncapped,50,81870.3,246.525177751292,34.86392498423151,81800.23831968255,81940.36168031745,81464.375,82292.325
exits,historical,category,EB-4,Capped,50,81870.3,246.525177751292,34.86392498423151,81800.23831968255,81940.36168031745,81464.375,82292.325
exits,historical,category,EB-4,Capped minus uncapped,50,0.0,0.0,0.0,0.0,0.0,0.0,0.0
exits,projection,category,EB-4,Uncapped,50,519465.12,556.6348834464004,78.72006014598665,519306.9261164653,519623.3138835347,518491.75,520514.3
exits,projection,category,EB-4,Capped,50,519360.08,617.3433814436216,87.30553826788366,519184.6329522326,519535.5270477674,518550.45,520567.775
exits,projection,category,EB-4,Capped minus uncapped,50,-105.04,563.0094050760446,79.62155364021498,-265.0455025371335,54.965502537133474,-1138.15,911.5249999999999
exits,full,category,EB-4,Uncapped,50,601335.42,579.7142536787993,81.98397598535549,601170.6670320184,601500.1729679817,600377.425,602323.225
exits,full,category,EB-4,Capped,50,601230.38,691.2799394557009,97.76174657747042,601033.9204149394,601426.8395850606,600125.575,602822.225
exits,full,category,EB-4,Capped minus uncapped,50,-105.04,563.0094050760446,79.62155364021498,-265.0455025371335,54.965502537133474,-1138.15,911.5249999999999
exits,historical,category,EB-5,Uncapped,50,1937.5,41.049124378540625,5.80522284196722,1925.8339679307655,1949.1660320692345,1863.45,2011.075
exits,historical,category,EB-5,Capped,50,1937.5,41.049124378540625,5.80522284196722,1925.8339679307655,1949.1660320692345,1863.45,2011.075
exits,historical,category,EB-5,Capped minus uncapped,50,0.0,0.0,0.0,0.0,0.0,0.0,0.0
exits,projection,category,EB-5,Uncapped,50,3386.8,47.31570046194055,6.691450530645924,3373.3530267131387,3400.2469732868617,3297.575,3486.775
exits,projection,category,EB-5,Capped,50,3808.56,57.075374438955194,8.071676860909312,3792.3393580582074,3824.7806419417925,3701.925,3914.325
exits,projection,category,EB-5,Capped minus uncapped,50,421.76,57.8684503941518,8.183834738092415,405.31396836557144,438.20603163442854,316.675,528.05
exits,full,category,EB-5,Uncapped,50,5324.3,58.80588961202121,8.316408663673549,5307.587551087635,5341.0124489123655,5206.525,5420.15
exits,full,category,EB-5,Capped,50,5746.06,66.3707613274375,9.386243081428985,5727.197638333885,5764.922361666116,5599.35,5867.55
exits,full,category,EB-5,Capped minus uncapped,50,421.76,57.8684503941518,8.183834738092415,405.31396836557144,438.20603163442854,316.675,528.05
visas,historical,overall,All,Uncapped,50,2571033.0,0.0,0.0,2571033.0,2571033.0,2571033.0,2571033.0
visas,historical,overall,All,Capped,50,2571033.0,0.0,0.0,2571033.0,2571033.0,2571033.0,2571033.0
visas,historical,overall,All,Capped minus uncapped,50,0.0,0.0,0.0,0.0,0.0,0.0,0.0
visas,projection,overall,All,Uncapped,50,2678304.0,0.0,0.0,2678304.0,2678304.0,2678304.0,2678304.0
visas,projection,overall,All,Capped,50,2678304.0,0.0,0.0,2678304.0,2678304.0,2678304.0,2678304.0
visas,projection,overall,All,Capped minus uncapped,50,0.0,0.0,0.0,0.0,0.0,0.0,0.0
visas,full,overall,All,Uncapped,50,5249337.0,0.0,0.0,5249337.0,5249337.0,5249337.0,5249337.0
visas,full,overall,All,Capped,50,5249337.0,0.0,0.0,5249337.0,5249337.0,5249337.0,5249337.0
visas,full,overall,All,Capped minus uncapped,50,0.0,0.0,0.0,0.0,0.0,0.0,0.0
conversions,historical,overall,All,Uncapped,50,1163569.46,616.5746461586904,87.1968226813012,1163394.2314243834,1163744.6885756166,1162421.075,1164645.3
conversions,historical,overall,All,Capped,50,1163569.46,616.5746461586904,87.1968226813012,1163394.2314243834,1163744.6885756166,1162421.075,1164645.3
conversions,historical,overall,All,Capped minus uncapped,50,0.0,0.0,0.0,0.0,0.0,0.0,0.0
conversions,projection,overall,All,Uncapped,50,1266851.14,484.85436525848064,68.56876191243417,1266713.34591402,1266988.9340859798,1266105.9,1267859.5
conversions,projection,overall,All,Capped,50,1263126.32,556.8912047047888,78.75630944598039,1262968.0532707698,1263284.5867292304,1262055.425,1264067.825
conversions,projection,overall,All,Capped minus uncapped,50,-3724.82,472.52658666157697,66.82535074386678,-3859.1105700673506,-3590.5294299326497,-4796.55,-3156.8
conversions,full,overall,All,Uncapped,50,2430420.6,796.5009191995414,112.64224023746281,2430194.236943364,2430646.963056636,2428891.85,2431540.475
conversions,full,overall,All,Capped,50,2426695.78,842.0306429539661,119.0811155199236,2426456.477539041,2426935.0824609585,2425382.325,2427873.275
conversions,full,overall,All,Capped minus uncapped,50,-3724.82,472.52658666157697,66.82535074386678,-3859.1105700673506,-3590.5294299326497,-4796.55,-3156.8
backlog,end2040,overall,All,Uncapped,50,2791647.32,1252.433996631506,177.1209144013415,2791291.3821964413,2792003.2578035584,2789305.575,2793851.05
backlog,end2040,overall,All,Capped,50,2774292.16,1139.203165124014,161.1076566416737,2773968.402042701,2774615.9179572994,2771909.0,2776244.125
backlog,end2040,overall,All,Capped minus uncapped,50,-17355.16,793.5264963491536,112.22159332393773,-17580.67773501497,-17129.64226498503,-18586.475,-15690.375
relative_ageout_change_pct,historical,overall,All,Capped minus uncapped,50,0.0,0.0,0.0,0.0,0.0,0.0,0.0
relative_ageout_change_pct,projection,overall,All,Capped minus uncapped,50,33.45842274392525,0.29075956238501327,0.041119611651455175,33.37578979059011,33.54105569726038,32.913585864598716,34.03945343596575
relative_ageout_change_pct,full,overall,All,Capped minus uncapped,50,29.969403539099968,0.26211567044405076,0.03706875360524932,29.894911089783612,30.043895988416324,29.49117088885806,30.490736278832827
