case,role,seed,policy,value_india,value_total,value
catchall_60_65,primary,2014,Capped,193548.0,266481.0,72.63106938205726
catchall_60_65,primary,2014,Uncapped,73469.0,199802.0,36.77090319416222
catchall_60_65,primary,2015,Capped,193965.0,267097.0,72.61968498335811
catchall_60_65,primary,2015,Uncapped,73691.0,200127.0,36.82211795509851
catchall_60_65,primary,2016,Capped,193206.0,266067.0,72.61554420503106
catchall_60_65,primary,2016,Uncapped,73239.0,199354.0,36.73816427059402
catchall_60_65,primary,2017,Capped,193766.0,266727.0,72.64581388460861
catchall_60_65,primary,2017,Uncapped,73624.0,199504.0,36.903520731413906
catchall_60_65,primary,2018,Capped,194241.0,266944.0,72.7646997122992
catchall_60_65,primary,2018,Uncapped,74002.0,199658.0,37.06438008995382
catchall_60_65,primary,2019,Capped,192894.0,265612.0,72.62247187627065
catchall_60_65,primary,2019,Uncapped,73160.0,199199.0,36.72709200347391
catchall_60_65,primary,2020,Capped,193228.0,265969.0,72.65057205914975
catchall_60_65,primary,2020,Uncapped,73754.0,199735.0,36.925926853080334
catchall_60_65,primary,2021,Capped,193471.0,266891.0,72.49064224720954
catchall_60_65,primary,2021,Uncapped,73300.0,199903.0,36.66778387517946
catchall_60_65,primary,2022,Capped,193778.0,266725.0,72.65085762489456
catchall_60_65,primary,2022,Uncapped,73555.0,198802.0,36.9991247572962
catchall_60_65,primary,2023,Capped,192410.0,265741.0,72.40508615531664
catchall_60_65,primary,2023,Uncapped,72467.0,199186.0,36.38157300211862
catchall_60_65,primary,2024,Capped,192707.0,265093.0,72.69411112326617
catchall_60_65,primary,2024,Uncapped,73299.0,199010.0,36.83181749660821
catchall_60_65,primary,2025,Capped,192977.0,266413.0,72.43527905920507
catchall_60_65,primary,2025,Uncapped,73662.0,199670.0,36.891871588120395
catchall_60_65,primary,2026,Capped,193153.0,266648.0,72.43744562119349
catchall_60_65,primary,2026,Uncapped,73112.0,200664.0,36.43503568153729
catchall_60_65,primary,2027,Capped,193612.0,266447.0,72.66435726429647
catchall_60_65,primary,2027,Uncapped,73698.0,199671.0,36.90971648361555
catchall_60_65,primary,2028,Capped,192980.0,266468.0,72.4214539832175
catchall_60_65,primary,2028,Uncapped,73204.0,199220.0,36.745306696114845
catchall_60_65,primary,2029,Capped,193243.0,267124.0,72.34205836989562
catchall_60_65,primary,2029,Uncapped,72911.0,199738.0,36.50331934834633
catchall_60_65,primary,2030,Capped,193117.0,266286.0,72.52240072703785
catchall_60_65,primary,2030,Uncapped,73374.0,199607.0,36.759231890665156
catchall_60_65,primary,2031,Capped,193692.0,266586.0,72.65647858477189
catchall_60_65,primary,2031,Uncapped,73666.0,200087.0,36.81698461169391
catchall_60_65,primary,2032,Capped,193842.0,266849.0,72.64108166041468
catchall_60_65,primary,2032,Uncapped,73597.0,199267.0,36.93386260645265
catchall_60_65,primary,2033,Capped,194414.0,267062.0,72.79732796129737
catchall_60_65,primary,2033,Uncapped,73526.0,199679.0,36.822099469648784
catchall_60_65,primary,2034,Capped,193714.0,267239.0,72.48717440193984
catchall_60_65,primary,2034,Uncapped,73785.0,200883.0,36.73033556846523
catchall_60_65,primary,2035,Capped,194037.0,267246.0,72.60613816483689
catchall_60_65,primary,2035,Uncapped,73743.0,199748.0,36.918016701043314
catchall_60_65,primary,2036,Capped,193011.0,266209.0,72.50355923353456
catchall_60_65,primary,2036,Uncapped,73237.0,199808.0,36.65368754003844
catchall_60_65,primary,2037,Capped,192971.0,266212.0,72.48771655672923
catchall_60_65,primary,2037,Uncapped,73451.0,199877.0,36.748100081550156
catchall_60_65,primary,2038,Capped,193287.0,267001.0,72.39186370088501
catchall_60_65,primary,2038,Uncapped,73264.0,199710.0,36.6851935306194
catchall_60_65,primary,2039,Capped,193463.0,266517.0,72.5893657815449
catchall_60_65,primary,2039,Uncapped,73372.0,199450.0,36.78716470293307
catchall_60_65,primary,2040,Capped,193751.0,267267.0,72.49342417881743
catchall_60_65,primary,2040,Uncapped,73772.0,199718.0,36.93808269660221
catchall_60_65,primary,2041,Capped,193416.0,266465.0,72.585893081643
catchall_60_65,primary,2041,Uncapped,73701.0,199642.0,36.91658067941616
catchall_60_65,primary,2042,Capped,193063.0,265900.0,72.60737119217751
catchall_60_65,primary,2042,Uncapped,73647.0,200433.0,36.74394934965799
catchall_60_65,primary,2043,Capped,193909.0,267503.0,72.48853283888405
catchall_60_65,primary,2043,Uncapped,73441.0,200283.0,36.66861391131549
catchall_60_65,primary,2044,Capped,193914.0,267102.0,72.59923175416134
catchall_60_65,primary,2044,Uncapped,73361.0,200140.0,36.65484161087239
catchall_60_65,primary,2045,Capped,194682.0,267431.0,72.79709532552322
catchall_60_65,primary,2045,Uncapped,74228.0,200697.0,36.98510690244498
catchall_60_65,primary,2046,Capped,193525.0,266780.0,72.54104505585126
catchall_60_65,primary,2046,Uncapped,73510.0,199936.0,36.76676536491677
catchall_60_65,primary,2047,Capped,193490.0,267287.0,72.39035194379076
catchall_60_65,primary,2047,Uncapped,73285.0,200627.0,36.5279847677531
catchall_60_65,primary,2048,Capped,192554.0,265624.0,72.49119055507032
catchall_60_65,primary,2048,Uncapped,72762.0,198608.0,36.635986465801984
catchall_60_65,primary,2049,Capped,193353.0,266431.0,72.57151007202616
catchall_60_65,primary,2049,Uncapped,73324.0,199595.0,36.736391192164135
catchall_60_65,primary,2050,Capped,193058.0,266407.0,72.46731504802801
catchall_60_65,primary,2050,Uncapped,73053.0,199909.0,36.54312712284089
catchall_60_65,primary,2051,Capped,193893.0,267438.0,72.5001682632984
catchall_60_65,primary,2051,Uncapped,73713.0,200520.0,36.76092160383004
catchall_60_65,primary,2052,Capped,193412.0,266514.0,72.5710469243642
catchall_60_65,primary,2052,Uncapped,73287.0,199938.0,36.654863007532335
catchall_60_65,primary,2053,Capped,193446.0,266909.0,72.47638708323811
catchall_60_65,primary,2053,Uncapped,73564.0,200654.0,36.66211488432825
catchall_60_65,primary,2054,Capped,193335.0,265910.0,72.7069309164755
catchall_60_65,primary,2054,Uncapped,73646.0,199696.0,36.87905616537137
catchall_60_65,primary,2055,Capped,193095.0,266663.0,72.41162065978408
catchall_60_65,primary,2055,Uncapped,73224.0,199780.0,36.652317549304236
catchall_60_65,primary,2056,Capped,192990.0,266126.0,72.5182808143511
catchall_60_65,primary,2056,Uncapped,73399.0,199336.0,36.821748204037405
catchall_60_65,primary,2057,Capped,193752.0,267057.0,72.55080376099484
catchall_60_65,primary,2057,Uncapped,73635.0,200220.0,36.77704525022475
catchall_60_65,primary,2058,Capped,194267.0,266965.0,72.76871500009365
catchall_60_65,primary,2058,Uncapped,74155.0,200194.0,37.04156967741291
catchall_60_65,primary,2059,Capped,194152.0,267298.0,72.6350365509656
catchall_60_65,primary,2059,Uncapped,73805.0,200390.0,36.830680173661364
catchall_60_65,primary,2060,Capped,193973.0,266794.0,72.70515828691799
catchall_60_65,primary,2060,Uncapped,73570.0,199586.0,36.86130289699678
catchall_60_65,primary,2061,Capped,193803.0,267708.0,72.39342866107849
catchall_60_65,primary,2061,Uncapped,73307.0,199678.0,36.71260729774938
catchall_60_65,primary,2062,Capped,194234.0,268057.0,72.45996187378057
catchall_60_65,primary,2062,Uncapped,73964.0,200140.0,36.95613070850405
catchall_60_65,primary,2063,Capped,193255.0,266925.0,72.40048702819144
catchall_60_65,primary,2063,Uncapped,73355.0,200238.0,36.633905652273796
catchall_55_60,sensitivity,2014,Capped,155073.0,213441.0,72.65380128466414
catchall_55_60,sensitivity,2014,Uncapped,59910.0,163257.0,36.69674194674654
catchall_65_70,sensitivity,2014,Capped,210635.0,292179.0,72.09108115230732
catchall_65_70,sensitivity,2014,Uncapped,78805.0,217247.0,36.27437893273555
