category,nationality,MARST,sample_principals,sample_parents,sample_children,weighted_principals,weighted_children_parent_weights,weighted_parent_pct,children_per_100_principals,kish_effective_principals,kish_effective_parents
EB-1,All,1,5265,2638,4229,557323.0,439376.0,49.65666229457604,78.83686838691388,3620.0925578268984,1817.3942093930168
EB-1,All,2,396,40,51,47065.0,5047.0,8.190799957505577,10.723467544884734,254.82555760491974,31.74720415291441
EB-1,All,3,58,8,13,8011.0,1680.0,12.308076394956935,20.971164648608163,29.144164706726496,6.00180264717503
EB-1,All,4,192,25,34,24002.0,4191.0,13.119740021664862,17.461044912923924,125.37944990228127,16.650185287485247
EB-1,All,5,7,2,4,503.0,154.0,15.308151093439363,30.616302186878727,6.011285609066502,1.9836065573770492
EB-1,All,6,1026,10,10,127892.0,961.0,0.7514152566227754,0.7514152566227754,666.2099234722825,5.898115328364596
EB-1,India,1,1902,875,1211,220136.0,140913.0,46.25140822037286,64.01179270996111,1289.6595692247686,591.7610820293542
EB-1,India,2,103,4,5,13514.0,426.0,2.575107296137339,3.152286517685363,65.82685955596438,3.5797812592373632
EB-1,India,3,16,3,4,1778.0,308.0,14.51068616422947,17.322834645669293,12.357647684273072,2.490794791198922
EB-1,India,4,35,5,5,4361.0,544.0,12.474203164411833,12.474203164411833,23.868943913070215,2.939372268573699
EB-1,India,5,1,0,0,77.0,0.0,0.0,0.0,1.0,0.0
EB-1,India,6,176,0,0,25892.0,0.0,0.0,0.0,114.47817899284507,0.0
EB-1,China,1,420,154,184,41304.0,17953.0,36.5824133255859,43.465523920201434,296.3960025587738,120.47826756894813
EB-1,China,2,55,8,8,5632.0,658.0,11.683238636363637,11.683238636363637,40.203994615710265,7.0437300709312165
EB-1,China,3,3,0,0,411.0,0.0,0.0,0.0,2.8591425331324793,0.0
EB-1,China,4,17,5,5,1998.0,561.0,28.07807807807808,28.07807807807808,14.047943132631875,4.105038673744897
EB-1,China,6,100,0,0,12354.0,0.0,0.0,0.0,65.99218581772615,0.0
EB-1,ROW,1,2943,1609,2834,295883.0,280510.0,54.01526954911232,94.8043652389627,2061.3884659961996,1123.7918461591662
EB-1,ROW,2,238,28,38,27919.0,3963.0,10.204520219205559,14.19463447831226,151.96327808575575,21.772126059864757
EB-1,ROW,3,39,5,9,5822.0,1372.0,12.504294057025078,23.565784953624185,17.961537279439742,3.9182611267189116
EB-1,ROW,4,140,15,24,17643.0,3086.0,11.585331292864025,17.49135634529275,88.584818899054,9.989947730109465
EB-1,ROW,5,6,2,4,426.0,154.0,18.07511737089202,36.15023474178404,5.0186946902654865,1.9836065573770492
EB-1,ROW,6,750,10,10,89646.0,961.0,1.0719942886464537,1.0719942886464537,490.5467278960513,5.898115328364596
EB-2,All,1,13635,6468,9929,1531246.0,1090998.0,46.879730624602445,71.24903509952026,9068.8235556835,4323.946331041393
EB-2,All,2,1078,79,104,137858.0,12969.0,7.174048658764816,9.407506274572386,706.692858875674,51.495067509157934
EB-2,All,3,129,20,32,16840.0,3939.0,14.25771971496437,23.390736342042754,71.66808611726768,11.79211813389681
EB-2,All,4,425,51,66,52067.0,7816.0,11.773292104403941,15.011427583690246,268.04992334643606,35.752112193636776
EB-2,All,5,17,4,10,1335.0,568.0,15.355805243445692,42.546816479400746,13.902453293810211,3.613188891754793
EB-2,All,6,4142,24,29,524942.0,3224.0,0.5114850783515131,0.6141630884935859,2612.860637042272,16.120122356161076
EB-2,India,1,6123,2815,3714,746387.0,455031.0,46.28081678807375,60.9644862517702,4094.8578344904877,1888.2392085604608
EB-2,India,2,379,12,14,53686.0,2414.0,4.233878478560518,4.496516782773908,249.7135321416479,7.044482319014473
EB-2,India,3,28,3,4,3270.0,308.0,7.889908256880734,9.418960244648318,20.473814410881687,2.490794791198922
EB-2,India,4,73,7,7,8397.0,834.0,9.932118613790639,9.932118613790639,48.62647816416958,4.3158809148558595
EB-2,India,5,4,1,2,302.0,98.0,16.225165562913908,32.450331125827816,3.6083241019148597,1.0
EB-2,India,6,1132,1,1,158054.0,89.0,0.05630986877902489,0.05630986877902489,713.8214946417955,1.0
EB-2,China,1,864,303,371,87434.0,35199.0,32.613171077612826,40.25779445067136,569.1970337768403,235.37654795053507
EB-2,China,2,119,18,20,13026.0,2128.0,14.732074312912637,16.336557653922924,83.38379114722775,12.719407439132642
EB-2,China,3,10,1,1,1203.0,137.0,11.388196176226101,11.388196176226101,9.457337036431955,1.0
EB-2,China,4,39,8,9,4900.0,1003.0,18.183673469387756,20.46938775510204,25.618372673166757,7.025184726339543
EB-2,China,6,597,0,0,71627.0,0.0,0.0,0.0,384.6669903948477,0.0
EB-2,ROW,1,6648,3350,5844,697425.0,600768.0,49.30924472165466,86.14087536294225,4459.581211933524,2251.5518339500536
EB-2,ROW,2,580,49,70,71146.0,8427.0,8.0088831417086,11.844657464931268,380.1322849722224,37.04153755584661
EB-2,ROW,3,91,16,27,12367.0,3494.0,16.22058704617126,28.25260774642193,46.60566522825678,9.075899462307387
EB-2,ROW,4,313,36,50,38770.0,5979.0,11.361877740521022,15.421717823059065,194.54140728682103,24.977087632084007
EB-2,ROW,5,13,3,8,1033.0,470.0,15.10164569215876,45.49854791868345,10.36824104392775,2.636619718309859
EB-2,ROW,6,2413,23,28,295261.0,3135.0,0.8792221119619591,1.0617724657167726,1525.9510866130126,15.340875669818665
EB-3,All,1,7862,3618,5340,924358.0,607305.0,45.32886608867992,65.7001940806484,5099.577522254967,2348.3907398368656
EB-3,All,2,703,57,73,95554.0,11508.0,9.436548967076208,12.043451870146724,463.1496724624246,40.415119652804805
EB-3,All,3,79,15,20,9923.0,1752.0,13.685377406026403,17.655950821324197,50.162705158765135,8.383401976561293
EB-3,All,4,235,35,48,29739.0,6658.0,15.27287400383335,22.38810988937086,148.2268038662639,22.731470279061465
EB-3,All,5,17,3,8,2036.0,647.0,11.100196463654225,31.777996070726914,10.468077799158573,2.880767061477721
EB-3,All,6,2325,23,32,302575.0,3961.0,1.0569280343716434,1.3090969181194745,1458.6028500862903,10.177497104143363
EB-3,India,1,3961,1796,2243,493661.0,282443.0,45.951776624039574,57.21395856670873,2604.7077873640606,1162.1248698402094
EB-3,India,2,286,15,16,42351.0,3187.0,6.972680692309509,7.525206016386862,189.33702023193482,9.917408843341677
EB-3,India,3,16,2,2,2303.0,447.0,19.409465914025184,19.409465914025184,11.245532051132544,1.3533069186223712
EB-3,India,4,34,3,3,4079.0,422.0,10.345672959058593,10.345672959058593,19.486710977073756,2.28588298718969
EB-3,India,5,3,0,0,703.0,0.0,0.0,0.0,2.216571508021582,0.0
EB-3,India,6,533,2,2,74376.0,224.0,0.3011724212111434,0.3011724212111434,352.20176352074594,1.9190698385986384
EB-3,China,1,256,125,159,24960.0,14750.0,46.62259615384615,59.094551282051285,185.89205279201389,96.21250125221403
EB-3,China,2,45,11,13,6091.0,1747.0,25.25036939747168,28.68166146773929,31.001405497819473,8.823057240262889
EB-3,China,3,2,0,0,273.0,0.0,0.0,0.0,1.990359193483776,0.0
EB-3,China,4,15,3,4,1785.0,442.0,18.48739495798319,24.761904761904763,10.659515103258851,2.9968627882657275
EB-3,China,6,141,0,0,18180.0,0.0,0.0,0.0,94.70969487142602,0.0
EB-3,ROW,1,3645,1697,2938,405737.0,310112.0,44.49138234866428,76.43177723500692,2330.527175815517,1120.9495704673275
EB-3,ROW,2,372,31,44,47112.0,6574.0,9.606894209543217,13.953982000339616,245.40896737507978,23.698199209160595
EB-3,ROW,3,61,13,18,7347.0,1305.0,12.399618892064789,17.76235198040016,37.12793350616192,11.473615085783806
EB-3,ROW,4,186,29,41,23875.0,5794.0,15.87434554973822,24.26806282722513,118.41151464325978,18.106814841333268
EB-3,ROW,5,14,3,8,1333.0,647.0,16.95423855963991,48.53713428357089,10.269075841024545,2.880767061477721
EB-3,ROW,6,1651,21,30,210019.0,3737.0,1.4160623562630048,1.7793628195544213,1012.3332987228479,9.036816798775567
EB-5,All,1,3327,2049,3542,338569.0,357488.0,61.394870764895785,105.58793037755967,2181.059804463935,1347.5512037703477
EB-5,All,2,244,21,29,28794.0,2460.0,6.372855455997778,8.543446551364868,150.25314245202597,17.83195026240395
EB-5,All,3,53,11,19,8290.0,2224.0,16.079613992762365,26.827503015681543,28.777008240653892,8.472713488048294
EB-5,All,4,154,19,25,17998.0,3415.0,14.379375486165129,18.974330481164575,105.00131410474589,12.402954008429443
EB-5,All,5,6,3,7,519.0,391.0,32.5626204238921,75.33718689788054,5.268468715160287,2.8421733505821476
EB-5,All,6,370,9,9,45663.0,1277.0,2.796574907474323,2.796574907474323,242.16391986688538,5.706338902983116
EB-5,India,1,724,397,560,76471.0,59045.0,55.49816270220084,77.21227654928012,481.58237466045017,261.8059318624225
EB-5,India,2,26,0,0,4020.0,0.0,0.0,0.0,13.23167466606405,0.0
EB-5,India,3,9,2,3,1189.0,240.0,15.979814970563499,20.18502943650126,7.410332482427127,1.6334841628959276
EB-5,India,4,10,0,0,1020.0,0.0,0.0,0.0,7.9176877064276034,0.0
EB-5,India,6,24,0,0,2750.0,0.0,0.0,0.0,15.214216163583252,0.0
EB-5,China,1,183,103,124,16912.0,11464.0,57.44441816461684,67.78618732261117,128.364787258297,81.03194186518719
EB-5,China,2,26,7,7,2989.0,600.0,20.073603211776515,20.073603211776515,18.50737571286819,6.207110590020346
EB-5,China,3,3,1,2,359.0,126.0,17.54874651810585,35.0974930362117,2.58667335674862,1.0
EB-5,China,4,13,6,7,1300.0,661.0,45.46153846153846,50.84615384615385,10.262451572159002,4.908734452954817
EB-5,China,6,11,0,0,1054.0,0.0,0.0,0.0,6.399580625835292,0.0
EB-5,ROW,1,2420,1549,2858,245186.0,286979.0,63.50648079417259,117.04542673725254,1574.3201721533853,1009.4127878503889
EB-5,ROW,2,192,14,22,21785.0,1860.0,5.669038329125545,8.53798485196236,124.43564463651335,11.657800402039241
EB-5,ROW,3,41,8,14,6742.0,1858.0,16.01898546425393,27.558587956096115,21.165697969507693,6.35121154369725
EB-5,ROW,4,131,13,18,15678.0,2754.0,12.737594080877663,17.56601607347876,88.13467770562693,8.505810940222712
EB-5,ROW,5,6,3,7,519.0,391.0,32.5626204238921,75.33718689788054,5.268468715160287,2.8421733505821476
EB-5,ROW,6,335,9,9,41859.0,1277.0,3.0507178862371296,3.0507178862371296,220.68642976408444,5.706338902983116
Other_EB4,All,1,271,156,290,28488.0,32592.0,59.393428812131425,114.40606571187868,170.7209630780532,94.62342845924059
Other_EB4,All,2,14,5,7,2105.0,876.0,31.401425178147267,41.61520190023753,9.947010189398446,4.488745286992613
Other_EB4,All,4,4,0,0,424.0,0.0,0.0,0.0,2.888524695523635,0.0
Other_EB4,All,5,1,0,0,47.0,0.0,0.0,0.0,1.0,0.0
Other_EB4,All,6,106,1,2,11150.0,146.0,0.6547085201793722,1.3094170403587444,67.59868546255123,1.0
Other_EB4,India,1,30,16,28,4337.0,5398.0,66.91261240488816,124.46391514872032,16.90876965880539,9.688423503642245
Other_EB4,India,6,21,0,0,2973.0,0.0,0.0,0.0,13.274414392495574,0.0
Other_EB4,China,1,12,7,12,1113.0,1005.0,46.720575022461816,90.29649595687331,6.994861573036245,6.198991288399816
Other_EB4,China,2,1,1,2,86.0,172.0,100.0,200.0,1.0,1.0
Other_EB4,China,6,3,0,0,188.0,0.0,0.0,0.0,2.9927180355630822,0.0
Other_EB4,ROW,1,229,133,250,23038.0,26189.0,58.590155395433634,113.67740255230488,153.20778143353562,86.23968911377546
Other_EB4,ROW,2,13,4,5,2019.0,704.0,28.47944526993561,34.86874690440812,9.305336854864667,3.6760209470652985
Other_EB4,ROW,4,4,0,0,424.0,0.0,0.0,0.0,2.888524695523635,0.0
Other_EB4,ROW,5,1,0,0,47.0,0.0,0.0,0.0,1.0,0.0
Other_EB4,ROW,6,82,1,2,7989.0,146.0,0.9137564150707222,1.8275128301414445,54.95120489655772,1.0
Unique proxy union (not EB mix),All,1,16546,7793,12007,1879359.0,1330322.0,46.50207863425774,70.78594350520576,10877.884274991493,5108.1456963183255
Unique proxy union (not EB mix),All,2,1391,114,145,180370.0,18642.0,8.11942118977657,10.33542163330931,910.5721982820751,78.70856008152843
Unique proxy union (not EB mix),All,3,176,30,44,22950.0,5279.0,15.681917211328976,23.00217864923747,104.7304659817495,18.049690713317233
Unique proxy union (not EB mix),All,4,546,70,95,68493.0,12665.0,13.351729373804622,18.490940680069496,350.23176117572024,45.96512947629634
Unique proxy union (not EB mix),All,5,32,8,19,3161.0,1206.0,15.153432458082886,38.152483391331856,20.272810642903952,7.305874860690973
Unique proxy union (not EB mix),All,6,5244,41,52,671433.0,6654.0,0.8374625614171481,0.9910147401155439,3297.251642413524,21.09159041469908
Unique proxy union (not EB mix),India,1,7309,3321,4340,899763.0,537642.0,45.80850735138031,59.75373515025623,4848.411511166286,2188.0891188012147
Unique proxy union (not EB mix),India,2,508,22,25,72846.0,4081.0,5.087444746451418,5.602229360568871,334.41371604621776,13.827968378109533
Unique proxy union (not EB mix),India,3,34,5,6,4228.0,755.0,16.674550614947965,17.857142857142858,24.211767829038436,2.8504206596356005
Unique proxy union (not EB mix),India,4,83,8,8,9636.0,966.0,10.024906600249066,10.024906600249066,52.29759431900619,5.225247219826862
Unique proxy union (not EB mix),India,5,7,1,2,1005.0,98.0,4.875621890547263,9.751243781094526,4.0687931291467425,1.0
Unique proxy union (not EB mix),India,6,1421,2,2,201109.0,224.0,0.11138238467696622,0.11138238467696622,900.7284780720298,1.9190698385986384
Unique proxy union (not EB mix),China,1,925,331,410,93707.0,38448.0,33.049825519971826,41.030019102094826,609.0941707529008,256.89549237408346
Unique proxy union (not EB mix),China,2,139,25,28,15556.0,2998.0,17.37593211622525,19.272306505528412,97.58665277271452,19.16588800369351
Unique proxy union (not EB mix),China,3,11,2,3,1266.0,263.0,15.797788309636651,20.774091627172197,10.20902709657694,1.7591696719148562
Unique proxy union (not EB mix),China,4,45,11,13,5395.0,1300.0,20.72289156626506,24.096385542168676,29.716248155881015,9.589572048917463
Unique proxy union (not EB mix),China,6,647,0,0,78850.0,0.0,0.0,0.0,416.86021243816316,0.0
Unique proxy union (not EB mix),ROW,1,8312,4141,7257,885889.0,754232.0,48.629455834760336,85.13843156422531,5476.577484193364,2723.3815904199937
Unique proxy union (not EB mix),ROW,2,744,67,92,91968.0,11563.0,8.955288796102993,12.57285142658316,486.6429863761347,50.22732126170127
Unique proxy union (not EB mix),ROW,3,131,23,35,17456.0,4261.0,15.433088909257561,24.40994500458295,73.71209334144852,13.943263555883437
Unique proxy union (not EB mix),ROW,4,418,51,74,53462.0,10399.0,13.207511877595302,19.451198982454827,268.6292286856349,33.00705718638056
Unique proxy union (not EB mix),ROW,5,25,7,17,2156.0,1108.0,19.944341372912803,51.391465677179966,19.00103010186563,6.374982760998483
Unique proxy union (not EB mix),ROW,6,3176,39,50,391474.0,6430.0,1.3791465078140566,1.642510102842079,1992.6216397727828,19.789795382163984
