category,nationality,definition,marital_group,sample_principals,sample_parents,sample_children,weighted_principals,weighted_children_parent_weights,weighted_parent_pct,children_per_100_principals,kish_effective_principals,kish_effective_parents
EB-1,All,original,All,6944,2723,4341,764796.0,451409.0,37.36630421707226,59.02345200550212,4646.431025735814,1876.2298710470952
EB-1,All,original,Married,5661,2678,4280,604388.0,444423.0,46.427625962130286,73.53273062999266,3865.6917552667815,1847.8527801828284
EB-1,All,original,Unmarried,1283,45,61,160408.0,6986.0,3.2249015011720115,4.355144381826343,819.7031600018579,29.17844256923629
EB-1,All,own_unmarried,All,6944,2716,4327,764796.0,450009.0,37.29386659972071,58.84039665479422,4646.431025735814,1871.0966611961637
EB-1,All,own_unmarried,Married,5661,2672,4267,604388.0,443135.0,46.354494132908,73.31962249415938,3865.6917552667815,1843.6413543067456
EB-1,All,own_unmarried,Unmarried,1283,44,60,160408.0,6874.0,3.1550795471547555,4.285322427809087,819.7031600018579,28.315939414240372
EB-1,India,original,All,2233,887,1225,265758.0,142191.0,38.744271103786154,53.50393967444066,1494.2932154688988,599.684894181211
EB-1,India,original,Married,2005,879,1216,233650.0,141339.0,43.72523004493901,60.49176118125401,1352.9672315314447,594.6648036939185
EB-1,India,original,Unmarried,228,8,9,32108.0,852.0,2.49781985797932,2.6535442880279057,149.09319231437826,5.0485385074251985
EB-1,India,own_unmarried,All,2233,885,1223,265758.0,141995.0,38.67051979620557,53.43018836686007,1494.2932154688988,598.073359293307
EB-1,India,own_unmarried,Married,2005,877,1214,233650.0,141143.0,43.64134389043441,60.40787502674941,1352.9672315314447,593.0538243871666
EB-1,India,own_unmarried,Unmarried,228,8,9,32108.0,852.0,2.49781985797932,2.6535442880279057,149.09319231437826,5.0485385074251985
EB-1,China,original,All,595,167,197,61699.0,19172.0,26.465582910582018,31.073437170780725,413.7424161321396,131.14227346972703
EB-1,China,original,Married,475,162,192,46936.0,18611.0,33.59468212033407,39.651866371228905,336.5990229866441,127.07783836165919
EB-1,China,original,Unmarried,120,5,5,14763.0,561.0,3.8000406421459054,3.8000406421459054,82.05900332421048,4.105038673744897
EB-1,China,own_unmarried,All,595,166,194,61699.0,18822.0,26.284056467689915,30.506167036742898,413.7424161321396,130.15243643223752
EB-1,China,own_unmarried,Married,475,162,190,46936.0,18373.0,33.59468212033407,39.14479290949378,336.5990229866441,127.07783836165919
EB-1,China,own_unmarried,Unmarried,120,4,4,14763.0,449.0,3.0413872519135676,3.0413872519135676,82.05900332421048,3.143973301311542
EB-1,ROW,original,All,4116,1669,2919,437339.0,290046.0,38.066808585559485,66.32063456494848,2755.2378388516604,1163.790795764942
EB-1,ROW,original,Married,3181,1637,2872,323802.0,284473.0,50.2377996429917,87.8539971958172,2202.7236800032406,1145.4272644702755
EB-1,ROW,original,Unmarried,935,32,47,113537.0,5573.0,3.3557342540317254,4.908532020398637,590.7802855520077,20.357987327534705
EB-1,ROW,own_unmarried,All,4116,1665,2910,437339.0,289192.0,38.010559314399124,66.12536270490398,2755.2378388516604,1161.1983979001839
EB-1,ROW,own_unmarried,Married,3181,1633,2863,323802.0,283619.0,50.16182728951643,87.59025577359003,2202.7236800032406,1142.8222181291098
EB-1,ROW,own_unmarried,Unmarried,935,32,47,113537.0,5573.0,3.3557342540317254,4.908532020398637,590.7802855520077,20.357987327534705
EB-2,All,original,All,19426,6646,10170,2264288.0,1119514.0,32.64403644766037,49.442208764962764,12656.051797320744,4439.281301064471
EB-2,All,original,Married,14713,6547,10033,1669104.0,1103967.0,43.600278952060506,66.14129497023552,9760.071535821144,4374.194234040144
EB-2,All,original,Unmarried,4713,99,137,595184.0,15547.0,1.9189023898491895,2.612133390682545,2960.33866026163,65.26011440098581
EB-2,All,own_unmarried,All,19426,6634,10146,2264288.0,1117086.0,32.597575926737235,49.334978589296064,12656.051797320744,4430.631951445125
EB-2,All,own_unmarried,Married,14713,6536,10010,1669104.0,1101651.0,43.54396131097882,66.00253788859172,9760.071535821144,4366.434139096832
EB-2,All,own_unmarried,Unmarried,4713,98,136,595184.0,15435.0,1.9000846796956907,2.5933156805290465,2960.33866026163,64.39055238229497
EB-2,India,original,All,7739,2839,3742,970096.0,458774.0,35.96932674704359,47.291608253203805,5098.447962391833,1898.7382668297912
EB-2,India,original,Married,6502,2827,3728,800073.0,457445.0,43.45940932889874,57.175407744043355,4337.155691603112,1891.2214612121074
EB-2,India,original,Unmarried,1237,12,14,170023.0,1329.0,0.7234315357334008,0.7816589520241379,781.423155592161,7.632890700678075
EB-2,India,own_unmarried,All,7739,2836,3738,970096.0,458289.0,35.931907769952666,47.241613201167716,5098.447962391833,1896.1995597335203
EB-2,India,own_unmarried,Married,6502,2824,3724,800073.0,456960.0,43.4140384689897,57.11478827556986,4337.155691603112,1888.683246046907
EB-2,India,own_unmarried,Unmarried,1237,12,14,170023.0,1329.0,0.7234315357334008,0.7816589520241379,781.423155592161,7.632890700678075
EB-2,China,original,All,1629,330,401,178190.0,38467.0,17.656434143330152,21.58763118020091,1062.1728755506197,255.39541006413154
EB-2,China,original,Married,983,321,391,100460.0,37327.0,30.29464463468047,37.1560820226956,652.5599509103124,247.3893915881635
EB-2,China,original,Unmarried,646,9,10,77730.0,1140.0,1.3225266949697672,1.466615206483983,418.77845074885823,8.019670041131027
EB-2,China,own_unmarried,All,1629,326,395,178190.0,37843.0,17.439811437229924,21.23744317862955,1062.1728755506197,251.9137149454575
EB-2,China,own_unmarried,Married,983,318,386,100460.0,36815.0,30.021899263388413,36.646426438383436,652.5599509103124,244.89852181947805
EB-2,China,own_unmarried,Unmarried,646,8,9,77730.0,1028.0,1.1784381834555513,1.3225266949697672,418.77845074885823,7.037289272834018
EB-2,ROW,original,All,10058,3477,6027,1116002.0,622273.0,32.146537371796825,55.75912946392569,6533.507223014959,2337.1010006149545
EB-2,ROW,original,Married,7228,3399,5914,768571.0,609195.0,45.48610343091269,79.2633341617105,4826.596151416708,2288.591514520713
EB-2,ROW,original,Unmarried,2830,78,113,347431.0,13078.0,2.6373582092559387,3.7642006614262975,1768.8281744813335,50.31263554087814
EB-2,ROW,own_unmarried,All,10058,3472,6013,1116002.0,620954.0,32.11938688281921,55.64093971157758,6533.507223014959,2334.026583588747
EB-2,ROW,own_unmarried,Married,7228,3394,5900,768571.0,607876.0,45.44667961710759,79.09171696564142,4826.596151416708,2285.5063178384826
EB-2,ROW,own_unmarried,Unmarried,2830,78,113,347431.0,13078.0,2.6373582092559387,3.7642006614262975,1768.8281744813335,50.31263554087814
EB-3,All,original,All,11221,3751,5521,1364185.0,631831.0,32.0588483233579,46.31563900790582,7203.215693170502,2423.560133751186
EB-3,All,original,Married,8565,3675,5413,1019912.0,618813.0,41.96616963032105,60.67317572496451,5554.811742177226,2386.3368374302
EB-3,All,original,Unmarried,2656,76,108,344273.0,13018.0,2.7083157842758507,3.781301467149617,1667.1863234367586,40.433282762841756
EB-3,All,own_unmarried,All,11221,3746,5508,1364185.0,630014.0,32.01252029600091,46.18244592925446,7203.215693170502,2419.4614222791333
EB-3,All,own_unmarried,Married,8565,3670,5400,1019912.0,616996.0,41.9042034999098,60.49502310003216,5554.811742177226,2382.2309618566906
EB-3,All,own_unmarried,Unmarried,2656,76,108,344273.0,13018.0,2.7083157842758507,3.781301467149617,1667.1863234367586,40.433282762841756
EB-3,India,original,All,4833,1818,2266,617473.0,286723.0,37.39305200389329,46.43490484604185,3169.623878148373,1173.9648639735494
EB-3,India,original,Married,4247,1811,2259,536012.0,285630.0,42.871987940568495,53.28798608986366,2788.4614573628087,1169.3578164589217
EB-3,India,original,Unmarried,586,7,7,81461.0,1093.0,1.3417463571525023,1.3417463571525023,384.5840610902598,4.746377588926368
EB-3,India,own_unmarried,All,4833,1817,2263,617473.0,286430.0,37.36600628691457,46.38745337852829,3169.623878148373,1172.9876465074285
EB-3,India,own_unmarried,Married,4247,1810,2256,536012.0,285337.0,42.8408319216734,53.23332313455669,2788.4614573628087,1168.3803910086733
EB-3,India,own_unmarried,Unmarried,586,7,7,81461.0,1093.0,1.3417463571525023,1.3417463571525023,384.5840610902598,4.746377588926368
EB-3,China,original,All,459,139,176,51289.0,16939.0,26.331182124822085,33.02657489910117,314.1253662272199,106.53685607523148
EB-3,China,original,Married,301,136,172,31051.0,16497.0,42.43019548484751,53.12872371260185,211.9907349040103,103.59280677725359
EB-3,China,original,Unmarried,158,3,4,20238.0,442.0,1.630595908686629,2.1840102776954247,107.04818802246467,2.9968627882657275
EB-3,China,own_unmarried,All,459,136,173,51289.0,16531.0,25.53568991401665,32.231082688295736,314.1253662272199,104.05548508578607
EB-3,China,own_unmarried,Married,301,133,169,31051.0,16089.0,41.116228140800615,51.81475636855496,211.9907349040103,101.10660849079133
EB-3,China,own_unmarried,Unmarried,158,3,4,20238.0,442.0,1.630595908686629,2.1840102776954247,107.04818802246467,2.9968627882657275
EB-3,ROW,original,All,5929,1794,3079,695423.0,328169.0,27.744983988162602,47.18983985286653,3728.9055218029985,1170.7892105524768
EB-3,ROW,original,Married,4017,1728,2982,452849.0,316686.0,40.86218585002948,69.93191991149368,2573.6422997779828,1143.8520466735629
EB-3,ROW,original,Unmarried,1912,66,97,242574.0,11483.0,3.2571503953432765,4.73381318690379,1176.5759209120267,33.524426467121245
EB-3,ROW,own_unmarried,All,5929,1793,3072,695423.0,327053.0,27.736787537944533,47.02936198543908,3728.9055218029985,1170.2171328900954
EB-3,ROW,own_unmarried,Married,4017,1727,2975,452849.0,315570.0,40.84959887291349,69.68548014901214,2573.6422997779828,1143.2715475337227
EB-3,ROW,own_unmarried,Unmarried,1912,66,97,242574.0,11483.0,3.2571503953432765,4.73381318690379,1176.5759209120267,33.524426467121245
EB-5,All,original,All,4154,2112,3631,439833.0,367255.0,48.89719507176587,83.49873702064193,2679.066630051721,1389.0714460842464
EB-5,All,original,Married,3571,2070,3571,367363.0,359948.0,57.082232015744644,97.98156047288377,2323.8341505791636,1363.4187670384051
EB-5,All,original,Unmarried,583,42,60,72470.0,7307.0,7.4058230992134675,10.082792879812336,371.5634612935633,27.549664054019157
EB-5,All,own_unmarried,All,4154,2103,3617,439833.0,366113.0,48.7189455998072,83.239093019396,2679.066630051721,1382.2128241873406
EB-5,All,own_unmarried,Married,3571,2063,3559,367363.0,359004.0,56.922716767883536,97.72459393025427,2323.8341505791636,1358.267147195066
EB-5,All,own_unmarried,Unmarried,583,40,58,72470.0,7109.0,7.132606595832758,9.809576376431627,371.5634612935633,26.0512580256724
EB-5,India,original,All,793,399,563,85450.0,59285.0,49.8888238736103,69.37975424224693,514.8024423301887,263.30950293168706
EB-5,India,original,Married,750,397,560,80491.0,59045.0,52.726391770508506,73.35602738194332,484.7857296518617,261.8059318624225
EB-5,India,original,Unmarried,43,2,3,4959.0,240.0,3.8314176245210727,4.839685420447671,30.0174196548782,1.6334841628959276
EB-5,India,own_unmarried,All,793,397,560,85450.0,59022.0,49.659449970743125,69.07197191339965,514.8024423301887,261.64390685206513
EB-5,India,own_unmarried,Married,750,395,557,80491.0,58782.0,52.48288628542321,73.02928277695644,484.7857296518617,260.1414904091026
EB-5,India,own_unmarried,Unmarried,43,2,3,4959.0,240.0,3.8314176245210727,4.839685420447671,30.0174196548782,1.6334841628959276
EB-5,China,original,All,236,117,140,22614.0,12851.0,48.50535066772795,56.82762890244981,165.0199924103962,92.70544040472684
EB-5,China,original,Married,209,110,131,19901.0,12064.0,51.831566252952115,60.620069343249085,146.0963432183117,87.01711894361756
EB-5,China,original,Unmarried,27,7,9,2713.0,787.0,24.10615554736454,29.00847769996314,18.96537961066234,5.693466801554763
EB-5,China,own_unmarried,All,236,114,137,22614.0,12506.0,46.97974705934377,55.30202529406562,165.0199924103962,89.84169244313125
EB-5,China,own_unmarried,Married,209,109,130,19901.0,11917.0,51.09290990402492,59.88141299432189,146.0963432183117,86.07579862296338
EB-5,China,own_unmarried,Unmarried,27,5,7,2713.0,589.0,16.80796166605234,21.71028381865094,18.96537961066234,3.768048709770948
EB-5,ROW,original,All,3125,1596,2928,331769.0,295119.0,48.668501276490574,88.95315716658277,2003.9574844808028,1038.7763479371906
EB-5,ROW,original,Married,2612,1563,2880,266971.0,288839.0,58.786909439602056,108.19115184795352,1697.0130552845396,1019.9329349295434
EB-5,ROW,original,Unmarried,513,33,48,64798.0,6280.0,6.980153708447792,9.691657149912034,324.800572867038,21.57213989630203
EB-5,ROW,own_unmarried,All,3125,1592,2920,331769.0,294585.0,48.59525754365236,88.79220180306177,2003.9574844808028,1036.3526798063363
EB-5,ROW,own_unmarried,Married,2612,1559,2872,266971.0,288305.0,58.6958883174577,107.99113012274742,1697.0130552845396,1017.4918642140489
EB-5,ROW,own_unmarried,Unmarried,513,33,48,64798.0,6280.0,6.980153708447792,9.691657149912034,324.800572867038,21.57213989630203
Other_EB4,All,original,All,396,162,299,42214.0,33614.0,41.82024920642441,79.62761169280334,250.89025473637557,99.63036762355348
Other_EB4,All,original,Married,285,161,297,30593.0,33468.0,57.467394502010265,109.3975746085706,180.01382303233504,98.97673038687797
Other_EB4,All,original,Unmarried,111,1,2,11621.0,146.0,0.6281731348420962,1.2563462696841925,70.94429317919513,1.0
Other_EB4,All,own_unmarried,All,396,162,299,42214.0,33614.0,41.82024920642441,79.62761169280334,250.89025473637557,99.63036762355348
Other_EB4,All,own_unmarried,Married,285,161,297,30593.0,33468.0,57.467394502010265,109.3975746085706,180.01382303233504,98.97673038687797
Other_EB4,All,own_unmarried,Unmarried,111,1,2,11621.0,146.0,0.6281731348420962,1.2563462696841925,70.94429317919513,1.0
Other_EB4,India,original,All,51,16,28,7310.0,5398.0,39.69904240766074,73.84404924760602,30.0496214843482,9.688423503642245
Other_EB4,India,original,Married,30,16,28,4337.0,5398.0,66.91261240488816,124.46391514872032,16.90876965880539,9.688423503642245
Other_EB4,India,original,Unmarried,21,0,0,2973.0,0.0,0.0,0.0,13.274414392495574,0.0
Other_EB4,India,own_unmarried,All,51,16,28,7310.0,5398.0,39.69904240766074,73.84404924760602,30.0496214843482,9.688423503642245
Other_EB4,India,own_unmarried,Married,30,16,28,4337.0,5398.0,66.91261240488816,124.46391514872032,16.90876965880539,9.688423503642245
Other_EB4,India,own_unmarried,Unmarried,21,0,0,2973.0,0.0,0.0,0.0,13.274414392495574,0.0
Other_EB4,China,original,All,16,8,14,1387.0,1177.0,43.691420331651045,84.85940879596251,9.79999796233374,7.198447545867963
Other_EB4,China,original,Married,13,8,14,1199.0,1177.0,50.54211843202669,98.1651376146789,7.792170976676622,7.198447545867963
Other_EB4,China,original,Unmarried,3,0,0,188.0,0.0,0.0,0.0,2.9927180355630822,0.0
Other_EB4,China,own_unmarried,All,16,8,14,1387.0,1177.0,43.691420331651045,84.85940879596251,9.79999796233374,7.198447545867963
Other_EB4,China,own_unmarried,Married,13,8,14,1199.0,1177.0,50.54211843202669,98.1651376146789,7.792170976676622,7.198447545867963
Other_EB4,China,own_unmarried,Unmarried,3,0,0,188.0,0.0,0.0,0.0,2.9927180355630822,0.0
Other_EB4,ROW,original,All,329,138,257,33517.0,27039.0,42.20544798162127,80.67249455500193,219.05989163120447,90.63168202034475
Other_EB4,ROW,original,Married,242,137,255,25057.0,26893.0,56.16394620265794,107.32729377020394,160.89259088135677,89.9157086748409
Other_EB4,ROW,original,Unmarried,87,1,2,8460.0,146.0,0.8628841607565012,1.7257683215130024,58.38214037503385,1.0
Other_EB4,ROW,own_unmarried,All,329,138,257,33517.0,27039.0,42.20544798162127,80.67249455500193,219.05989163120447,90.63168202034475
Other_EB4,ROW,own_unmarried,Married,242,137,255,25057.0,26893.0,56.16394620265794,107.32729377020394,160.89259088135677,89.9157086748409
Other_EB4,ROW,own_unmarried,Unmarried,87,1,2,8460.0,146.0,0.8628841607565012,1.7257683215130024,58.38214037503385,1.0
Unique proxy union (not EB mix),All,original,All,23935,8056,12362,2825766.0,1374768.0,32.11277933133883,48.651162198143794,15472.720558426896,5267.8438543858665
Unique proxy union (not EB mix),All,original,Married,17937,7907,12152,2059729.0,1348964.0,43.1409180528118,65.49230505566508,11770.844127949518,5186.261775624624
Unique proxy union (not EB mix),All,original,Unmarried,5998,149,210,766037.0,25804.0,2.4601944814676053,3.368505698810893,3770.2358060549104,87.31821172222337
Unique proxy union (not EB mix),All,own_unmarried,All,23935,8042,12329,2825766.0,1371058.0,32.06567705889306,48.519870364354304,15472.720558426896,5257.62001970915
Unique proxy union (not EB mix),All,own_unmarried,Married,17937,7895,12121,2059729.0,1345452.0,43.08591081642294,65.32179718788248,11770.844127949518,5177.642743229753
Unique proxy union (not EB mix),All,own_unmarried,Unmarried,5998,147,208,766037.0,25606.0,2.4343471659985094,3.3426583833417967,3770.2358060549104,85.91425273543736
Unique proxy union (not EB mix),India,original,All,9362,3359,4383,1188587.0,543766.0,35.15249619926854,45.74894391407613,6128.764168152067,2209.368430218185
Unique proxy union (not EB mix),India,original,Married,7817,3343,4365,972609.0,541723.0,42.75860083548476,55.697921775348576,5173.6007568728655,2199.476655007422
Unique proxy union (not EB mix),India,original,Unmarried,1545,16,18,215978.0,2043.0,0.9000916760040375,0.9459296780227616,978.6448991022099,9.90594020476957
Unique proxy union (not EB mix),India,own_unmarried,All,9362,3356,4376,1188587.0,543088.0,35.12195573399339,45.69190139215724,6128.764168152067,2206.8626595382784
Unique proxy union (not EB mix),India,own_unmarried,Married,7817,3340,4358,972609.0,541045.0,42.721278540502915,55.62821236488661,5173.6007568728655,2196.970678144824
Unique proxy union (not EB mix),India,own_unmarried,Unmarried,1545,16,18,215978.0,2043.0,0.9000916760040375,0.9459296780227616,978.6448991022099,9.90594020476957
Unique proxy union (not EB mix),China,original,All,1767,369,454,194774.0,43009.0,17.96492344974175,22.08148931582244,1151.4409959846828,286.8806267196798
Unique proxy union (not EB mix),China,original,Married,1064,356,438,109263.0,41446.0,30.818300797159146,37.932328418586344,706.5720504261632,275.55965245396305
Unique proxy union (not EB mix),China,original,Unmarried,703,13,16,85511.0,1563.0,1.5413221690776626,1.8278350153781384,455.5531298935494,11.347818134308858
Unique proxy union (not EB mix),China,own_unmarried,All,1767,363,446,194774.0,42106.0,17.623502110137903,21.617875075728794,1151.4409959846828,281.8184000363552
Unique proxy union (not EB mix),China,own_unmarried,Married,1064,352,432,109263.0,40741.0,30.390891701673944,37.28709627229712,706.5720504261632,272.4023578065284
Unique proxy union (not EB mix),China,own_unmarried,Unmarried,703,11,14,85511.0,1365.0,1.3097730116593187,1.5962858579597947,455.5531298935494,9.421661409043113
Unique proxy union (not EB mix),ROW,original,All,12806,4328,7525,1442405.0,787993.0,31.518401558508184,54.63049559589713,8236.156408105011,2830.066702516375
Unique proxy union (not EB mix),ROW,original,Married,9056,4208,7349,977857.0,765795.0,44.89807814435035,78.31359800052564,5950.926637615961,2773.5429805378553
Unique proxy union (not EB mix),ROW,original,Unmarried,3750,120,176,464548.0,22198.0,3.354658722026572,4.778408259211104,2347.5415765408975,68.74125198770214
Unique proxy union (not EB mix),ROW,own_unmarried,All,12806,4323,7507,1442405.0,785864.0,31.497394975752304,54.48289488735826,8236.156408105011,2827.0917262763364
Unique proxy union (not EB mix),ROW,own_unmarried,Married,9056,4203,7331,977857.0,763666.0,44.867092018567135,78.09587700451088,5950.926637615961,2770.535919948037
Unique proxy union (not EB mix),ROW,own_unmarried,Unmarried,3750,120,176,464548.0,22198.0,3.354658722026572,4.778408259211104,2347.5415765408975,68.74125198770214
