metric,mean,lo_p025,hi_p975
Final_Backlog_FY2040_Uncapped,2467856.0,2466034.8,2469463.6
Final_Backlog_FY2040_Capped,2399230.4,2397591.9,2401416.0
Final_Backlog_FY2040_Cap_minus_Unc,-68625.6,-70026.4,-67270.6
Cumulative_Visas_Consumed_2009_2040_Uncapped,5249356.0,5249356.0,5249356.0
Cumulative_Visas_Consumed_2009_2040_Capped,5249356.0,5249356.0,5249356.0
Total_Queue_Exits_2009_2040_Uncapped,1625614.4,1623777.7,1627174.3
Total_Queue_Exits_2025_2040_Uncapped,1316479.9,1314808.4,1317926.4
Total_Queue_Exits_2009_2040_Capped,1697010.7,1695191.0,1698777.2
Total_Queue_Exits_2025_2040_Capped,1387876.2,1386155.2,1389757.7
Total_Queue_Exits_2009_2040_Cap_minus_Unc,71396.3,70254.1,72644.2
Total_Queue_Exits_2025_2040_Cap_minus_Unc,71396.3,70254.1,72644.2
Exits_India_2009_2040_Uncapped,22055.2,21775.5,22449.7
Exits_India_2025_2040_Uncapped,5645.0,5221.2,6131.3
Exits_India_2009_2040_Capped,47463.1,46981.4,47839.8
Exits_India_2025_2040_Capped,31052.9,30411.1,31436.2
Exits_India_2009_2040_Cap_minus_Unc,25407.9,24827.0,25844.0
Exits_India_2025_2040_Cap_minus_Unc,25407.9,24827.0,25844.0
Exits_China_2009_2040_Uncapped,9420.0,9260.3,9607.3
Exits_China_2025_2040_Uncapped,4329.6,4139.9,4515.9
Exits_China_2009_2040_Capped,11857.4,11663.9,12085.4
Exits_China_2025_2040_Capped,6767.0,6514.4,6972.6
Exits_China_2009_2040_Cap_minus_Unc,2437.4,2182.9,2711.0
Exits_China_2025_2040_Cap_minus_Unc,2437.4,2182.9,2711.0
Exits_Other_2009_2040_Uncapped,76034.4,75565.1,76480.4
Exits_Other_2025_2040_Uncapped,53673.6,53199.4,54206.9
Exits_Other_2009_2040_Capped,57861.1,57469.7,58289.1
Exits_Other_2025_2040_Capped,35500.4,35052.8,35901.1
Exits_Other_2009_2040_Cap_minus_Unc,-18173.2,-18662.6,-17660.8
Exits_Other_2025_2040_Cap_minus_Unc,-18173.2,-18662.6,-17660.8
Exits_EB1_2009_2040_Uncapped,3049.0,2924.8,3167.4
Exits_EB1_2025_2040_Uncapped,2470.6,2354.0,2570.6
Exits_EB1_2009_2040_Capped,2806.9,2711.4,2920.9
Exits_EB1_2025_2040_Capped,2228.5,2133.7,2349.3
Exits_EB1_2009_2040_Cap_minus_Unc,-242.1,-378.1,-80.8
Exits_EB1_2025_2040_Cap_minus_Unc,-242.1,-378.1,-80.8
Exits_EB2_2009_2040_Uncapped,37002.0,36663.5,37384.6
Exits_EB2_2025_2040_Uncapped,23412.3,23007.8,23809.1
Exits_EB2_2009_2040_Capped,44465.1,44053.7,44917.6
Exits_EB2_2025_2040_Capped,30875.4,30394.2,31339.5
Exits_EB2_2009_2040_Cap_minus_Unc,7463.1,6868.2,8013.9
Exits_EB2_2025_2040_Cap_minus_Unc,7463.1,6868.2,8013.9
Exits_EB3_2009_2040_Uncapped,23578.3,23384.4,23838.6
Exits_EB3_2025_2040_Uncapped,11872.7,11606.4,12250.2
Exits_EB3_2009_2040_Capped,26059.2,25794.1,26316.1
Exits_EB3_2025_2040_Capped,14353.7,14013.9,14678.5
Exits_EB3_2009_2040_Cap_minus_Unc,2480.9,2049.8,2872.1
Exits_EB3_2025_2040_Cap_minus_Unc,2480.9,2049.8,2872.1
Exits_EB4_2009_2040_Uncapped,43281.0,42825.1,43644.5
Exits_EB4_2025_2040_Uncapped,25944.1,25555.0,26279.4
Exits_EB4_2009_2040_Capped,43274.5,42911.3,43643.3
Exits_EB4_2025_2040_Capped,25937.6,25434.6,26369.3
Exits_EB4_2009_2040_Cap_minus_Unc,-6.5,-493.5,454.0
Exits_EB4_2025_2040_Cap_minus_Unc,-6.5,-493.5,454.0
Exits_EB5_2009_2040_Uncapped,599.1,555.7,642.3
Exits_EB5_2025_2040_Uncapped,-51.6,-136.3,31.3
Exits_EB5_2009_2040_Capped,575.9,542.7,618.8
Exits_EB5_2025_2040_Capped,-74.8,-140.4,-15.9
Exits_EB5_2009_2040_Cap_minus_Unc,-23.2,-72.6,33.3
Exits_EB5_2025_2040_Cap_minus_Unc,-23.2,-72.6,33.3
Total_AgeOuts_2009_2024_Uncapped,19507.9,19213.8,19770.6
Total_AgeOuts_2009_2024_Capped,19507.9,19213.8,19770.6
Total_AgeOuts_2009_2024_Cap_minus_Unc,0.0,0.0,0.0
Total_AgeOuts_2025_2040_Uncapped,147416.5,146567.8,148205.4
Total_AgeOuts_2025_2040_Capped,189002.4,187957.4,189839.6
Total_AgeOuts_2025_2040_Cap_minus_Unc,41585.8,40889.8,42433.4
Total_AgeOuts_2009_2040_Uncapped,166924.4,166094.4,167885.8
Total_AgeOuts_2009_2040_Capped,208510.2,207392.0,209561.2
Total_AgeOuts_2009_2040_Cap_minus_Unc,41585.8,40889.8,42433.4
AgeOuts_India_2009_2040_Uncapped,66312.2,65825.1,66915.8
AgeOuts_India_2009_2040_Capped,148995.4,148069.0,150006.8
AgeOuts_India_2009_2040_Cap_minus_Unc,82683.3,82104.6,83327.8
AgeOuts_India_2025_2040_Uncapped,53610.6,53172.3,54089.2
AgeOuts_India_2025_2040_Capped,136293.9,135476.4,137121.4
AgeOuts_India_2025_2040_Cap_minus_Unc,82683.3,82104.6,83327.8
AgeOuts_China_2009_2040_Uncapped,13298.6,13060.8,13548.0
AgeOuts_China_2009_2040_Capped,16353.2,16017.3,16624.3
AgeOuts_China_2009_2040_Cap_minus_Unc,3054.6,2888.5,3215.8
AgeOuts_China_2025_2040_Uncapped,11638.9,11401.1,11862.3
AgeOuts_China_2025_2040_Capped,14693.5,14369.5,14966.1
AgeOuts_China_2025_2040_Cap_minus_Unc,3054.6,2888.5,3215.8
AgeOuts_Other_2009_2040_Uncapped,87313.7,86713.4,87942.1
AgeOuts_Other_2009_2040_Capped,43161.6,42680.2,43654.2
AgeOuts_Other_2009_2040_Cap_minus_Unc,-44152.1,-44632.5,-43574.0
AgeOuts_Other_2025_2040_Uncapped,82167.0,81620.4,82781.2
AgeOuts_Other_2025_2040_Capped,38015.0,37600.6,38455.6
AgeOuts_Other_2025_2040_Cap_minus_Unc,-44152.1,-44632.5,-43574.0
AgeOuts_EB1_2009_2040_Uncapped,475.2,438.2,515.4
AgeOuts_EB1_2009_2040_Capped,1851.5,1766.5,1929.6
AgeOuts_EB1_2009_2040_Cap_minus_Unc,1376.3,1287.2,1454.1
AgeOuts_EB1_2025_2040_Uncapped,473.3,436.0,512.1
AgeOuts_EB1_2025_2040_Capped,1849.6,1765.0,1928.3
AgeOuts_EB1_2025_2040_Cap_minus_Unc,1376.3,1287.2,1454.1
AgeOuts_EB2_2009_2040_Uncapped,87599.6,87033.1,88222.8
AgeOuts_EB2_2009_2040_Capped,114073.8,113233.6,114589.1
AgeOuts_EB2_2009_2040_Cap_minus_Unc,26474.2,25897.5,27123.1
AgeOuts_EB2_2025_2040_Uncapped,81792.8,81222.4,82449.8
AgeOuts_EB2_2025_2040_Capped,108267.0,107494.8,108831.7
AgeOuts_EB2_2025_2040_Cap_minus_Unc,26474.2,25897.5,27123.1
AgeOuts_EB3_2009_2040_Uncapped,38773.4,38416.9,39254.0
AgeOuts_EB3_2009_2040_Capped,52536.0,52078.8,53160.0
AgeOuts_EB3_2009_2040_Cap_minus_Unc,13762.6,13333.0,14261.1
AgeOuts_EB3_2025_2040_Uncapped,30432.6,30088.9,30879.2
AgeOuts_EB3_2025_2040_Capped,44195.2,43782.3,44749.8
AgeOuts_EB3_2025_2040_Cap_minus_Unc,13762.6,13333.0,14261.1
AgeOuts_EB4_2009_2040_Uncapped,39837.2,39358.2,40360.8
AgeOuts_EB4_2009_2040_Capped,39619.8,39149.8,39993.2
AgeOuts_EB4_2009_2040_Cap_minus_Unc,-217.4,-637.5,184.8
AgeOuts_EB4_2025_2040_Uncapped,34597.1,34237.5,35023.5
AgeOuts_EB4_2025_2040_Capped,34379.7,33990.0,34717.8
AgeOuts_EB4_2025_2040_Cap_minus_Unc,-217.4,-637.5,184.8
AgeOuts_EB5_2009_2040_Uncapped,238.9,204.7,281.9
AgeOuts_EB5_2009_2040_Capped,429.1,381.8,480.9
AgeOuts_EB5_2009_2040_Cap_minus_Unc,190.2,158.0,228.1
AgeOuts_EB5_2025_2040_Uncapped,120.6,98.4,140.8
AgeOuts_EB5_2025_2040_Capped,310.8,282.0,359.0
AgeOuts_EB5_2025_2040_Cap_minus_Unc,190.2,158.0,228.1
