Year,annual_aged_out_unc_mean,annual_aged_out_unc_lo,annual_aged_out_unc_hi,annual_aged_out_cap_mean,annual_aged_out_cap_lo,annual_aged_out_cap_hi,cumul_aged_out_unc_mean,cumul_aged_out_unc_lo,cumul_aged_out_unc_hi,cumul_aged_out_cap_mean,cumul_aged_out_cap_lo,cumul_aged_out_cap_hi,annual_backlog_total_unc_mean,annual_backlog_total_unc_lo,annual_backlog_total_unc_hi,annual_backlog_total_cap_mean,annual_backlog_total_cap_lo,annual_backlog_total_cap_hi,annual_conversions_unc_mean,annual_conversions_unc_lo,annual_conversions_unc_hi,annual_conversions_cap_mean,annual_conversions_cap_lo,annual_conversions_cap_hi,annual_visas_consumed_unc_mean,annual_visas_consumed_unc_lo,annual_visas_consumed_unc_hi,annual_visas_consumed_cap_mean,annual_visas_consumed_cap_lo,annual_visas_consumed_cap_hi,annual_exited_unc_mean,annual_exited_unc_lo,annual_exited_unc_hi,annual_exited_cap_mean,annual_exited_cap_lo,annual_exited_cap_hi,annual_aged_out_India_unc_mean,annual_aged_out_India_unc_lo,annual_aged_out_India_unc_hi,annual_aged_out_India_cap_mean,annual_aged_out_India_cap_lo,annual_aged_out_India_cap_hi,annual_backlog_India_unc_mean,annual_backlog_India_unc_lo,annual_backlog_India_unc_hi,annual_backlog_India_cap_mean,annual_backlog_India_cap_lo,annual_backlog_India_cap_hi,annual_exited_India_unc_mean,annual_exited_India_unc_lo,annual_exited_India_unc_hi,annual_exited_India_cap_mean,annual_exited_India_cap_lo,annual_exited_India_cap_hi,annual_aged_out_China_unc_mean,annual_aged_out_China_unc_lo,annual_aged_out_China_unc_hi,annual_aged_out_China_cap_mean,annual_aged_out_China_cap_lo,annual_aged_out_China_cap_hi,annual_backlog_China_unc_mean,annual_backlog_China_unc_lo,annual_backlog_China_unc_hi,annual_backlog_China_cap_mean,annual_backlog_China_cap_lo,annual_backlog_China_cap_hi,annual_exited_China_unc_mean,annual_exited_China_unc_lo,annual_exited_China_unc_hi,annual_exited_China_cap_mean,annual_exited_China_cap_lo,annual_exited_China_cap_hi,annual_aged_out_Other_unc_mean,annual_aged_out_Other_unc_lo,annual_aged_out_Other_unc_hi,annual_aged_out_Other_cap_mean,annual_aged_out_Other_cap_lo,annual_aged_out_Other_cap_hi,annual_backlog_Other_unc_mean,annual_backlog_Other_unc_lo,annual_backlog_Other_unc_hi,annual_backlog_Other_cap_mean,annual_backlog_Other_cap_lo,annual_backlog_Other_cap_hi,annual_exited_Other_unc_mean,annual_exited_Other_unc_lo,annual_exited_Other_unc_hi,annual_exited_Other_cap_mean,annual_exited_Other_cap_lo,annual_exited_Other_cap_hi,annual_aged_out_EB1_unc_mean,annual_aged_out_EB1_unc_lo,annual_aged_out_EB1_unc_hi,annual_aged_out_EB1_cap_mean,annual_aged_out_EB1_cap_lo,annual_aged_out_EB1_cap_hi,annual_exited_EB1_unc_mean,annual_exited_EB1_unc_lo,annual_exited_EB1_unc_hi,annual_exited_EB1_cap_mean,annual_exited_EB1_cap_lo,annual_exited_EB1_cap_hi,annual_aged_out_EB2_unc_mean,annual_aged_out_EB2_unc_lo,annual_aged_out_EB2_unc_hi,annual_aged_out_EB2_cap_mean,annual_aged_out_EB2_cap_lo,annual_aged_out_EB2_cap_hi,annual_exited_EB2_unc_mean,annual_exited_EB2_unc_lo,annual_exited_EB2_unc_hi,annual_exited_EB2_cap_mean,annual_exited_EB2_cap_lo,annual_exited_EB2_cap_hi,annual_aged_out_EB3_unc_mean,annual_aged_out_EB3_unc_lo,annual_aged_out_EB3_unc_hi,annual_aged_out_EB3_cap_mean,annual_aged_out_EB3_cap_lo,annual_aged_out_EB3_cap_hi,annual_exited_EB3_unc_mean,annual_exited_EB3_unc_lo,annual_exited_EB3_unc_hi,annual_exited_EB3_cap_mean,annual_exited_EB3_cap_lo,annual_exited_EB3_cap_hi,annual_aged_out_EB4_unc_mean,annual_aged_out_EB4_unc_lo,annual_aged_out_EB4_unc_hi,annual_aged_out_EB4_cap_mean,annual_aged_out_EB4_cap_lo,annual_aged_out_EB4_cap_hi,annual_exited_EB4_unc_mean,annual_exited_EB4_unc_lo,annual_exited_EB4_unc_hi,annual_exited_EB4_cap_mean,annual_exited_EB4_cap_lo,annual_exited_EB4_cap_hi,annual_aged_out_EB5_unc_mean,annual_aged_out_EB5_unc_lo,annual_aged_out_EB5_unc_hi,annual_aged_out_EB5_cap_mean,annual_aged_out_EB5_cap_lo,annual_aged_out_EB5_cap_hi,annual_exited_EB5_unc_mean,annual_exited_EB5_unc_lo,annual_exited_EB5_unc_hi,annual_exited_EB5_cap_mean,annual_exited_EB5_cap_lo,annual_exited_EB5_cap_hi
2009,0.0,0.0,0.0,0.0,0.0,0.0,0.0,0.0,0.0,0.0,0.0,0.0,205326.76,205022.925,205593.525,205326.76,205022.925,205593.525,63848.84,63612.9,64044.325,63848.84,63612.9,64044.325,140986.0,140986.0,140986.0,140986.0,140986.0,140986.0,8234.4,8075.125,8412.45,8234.4,8075.125,8412.45,0.0,0.0,0.0,0.0,0.0,0.0,93362.44,92941.825,93803.025,93362.44,92941.825,93803.025,2598.22,2485.675,2706.3,2598.22,2485.675,2706.3,0.0,0.0,0.0,0.0,0.0,0.0,38413.36,38162.575,38633.65,38413.36,38162.575,38633.65,1677.18,1623.025,1756.2,1677.18,1623.025,1756.2,0.0,0.0,0.0,0.0,0.0,0.0,73550.96,73107.925,73927.875,73550.96,73107.925,73927.875,3959.0,3835.125,4076.425,3959.0,3835.125,4076.425,0.0,0.0,0.0,0.0,0.0,0.0,0.0,0.0,0.0,0.0,0.0,0.0,0.0,0.0,0.0,0.0,0.0,0.0,538.76,500.25,581.55,538.76,500.25,581.55,0.0,0.0,0.0,0.0,0.0,0.0,7693.54,7548.275,7856.35,7693.54,7548.275,7856.35,0.0,0.0,0.0,0.0,0.0,0.0,2.1,0.0,7.0,2.1,0.0,7.0,0.0,0.0,0.0,0.0,0.0,0.0,0.0,0.0,0.0,0.0,0.0,0.0
2010,0.0,0.0,0.0,0.0,0.0,0.0,0.0,0.0,0.0,0.0,0.0,0.0,209512.84,209184.325,209953.875,209512.84,209184.325,209953.875,68189.02,67949.825,68450.275,68189.02,67949.825,68450.275,150263.0,150263.0,150263.0,150263.0,150263.0,150263.0,8300.9,8134.9,8460.85,8300.9,8134.9,8460.85,0.0,0.0,0.0,0.0,0.0,0.0,106658.56,106146.3,107281.75,106658.56,106146.3,107281.75,347.68,198.275,533.625,347.68,198.275,533.625,0.0,0.0,0.0,0.0,0.0,0.0,36024.26,35781.125,36302.95,36024.26,35781.125,36302.95,-1.66,-121.775,87.95,-1.66,-121.775,87.95,0.0,0.0,0.0,0.0,0.0,0.0,66830.02,66334.875,67327.85,66830.02,66334.875,67327.85,-279.52,-422.2,-149.65,-279.52,-422.2,-149.65,0.0,0.0,0.0,0.0,0.0,0.0,0.0,0.0,0.0,0.0,0.0,0.0,0.0,0.0,0.0,0.0,0.0,0.0,251.2,184.825,308.325,251.2,184.825,308.325,0.0,0.0,0.0,0.0,0.0,0.0,-268.26,-499.85,-29.425,-268.26,-499.85,-29.425,0.0,0.0,0.0,0.0,0.0,0.0,83.56,69.225,100.775,83.56,69.225,100.775,0.0,0.0,0.0,0.0,0.0,0.0,0.0,0.0,0.0,0.0,0.0,0.0
2011,31.28,22.0,40.0,31.28,22.0,40.0,31.28,22.0,40.0,31.28,22.0,40.0,221364.54,220940.0,221909.525,221364.54,220940.0,221909.525,63525.28,63233.275,63788.275,63525.28,63233.275,63788.275,139300.0,139300.0,139300.0,139300.0,139300.0,139300.0,8553.02,8367.95,8706.6,8553.02,8367.95,8706.6,1.74,0.0,6.0,1.74,0.0,6.0,125343.78,124858.675,125919.525,125343.78,124858.675,125919.525,450.56,306.8,589.65,450.56,306.8,589.65,0.0,0.0,0.0,0.0,0.0,0.0,32736.74,32462.3,33018.7,32736.74,32462.3,33018.7,-68.62,-177.15,45.175,-68.62,-177.15,45.175,29.54,20.45,39.55,29.54,20.45,39.55,63284.02,62753.625,63829.275,63284.02,62753.625,63829.275,-129.82,-276.475,1.55,-129.82,-276.475,1.55,0.0,0.0,0.0,0.0,0.0,0.0,0.0,0.0,0.0,0.0,0.0,0.0,0.16,0.0,1.0,0.16,0.0,1.0,404.84,319.35,493.775,404.84,319.35,493.775,31.12,22.0,40.0,31.12,22.0,40.0,-445.22,-703.65,-221.675,-445.22,-703.65,-221.675,0.0,0.0,0.0,0.0,0.0,0.0,292.5,255.8,331.0,292.5,255.8,331.0,0.0,0.0,0.0,0.0,0.0,0.0,0.0,0.0,0.0,0.0,0.0,0.0
2012,148.48,131.0,176.775,148.48,131.0,176.775,179.76,160.45,202.65,179.76,160.45,202.65,229238.24,228764.175,229925.4,229238.24,228764.175,229925.4,65192.28,64939.85,65394.9,65192.28,64939.85,65394.9,144647.0,144647.0,144647.0,144647.0,144647.0,144647.0,8657.02,8466.95,8844.625,8657.02,8466.95,8844.625,39.82,27.9,53.55,39.82,27.9,53.55,141444.7,140771.0,142017.125,141444.7,140771.0,142017.125,401.22,209.525,567.6,401.22,209.525,567.6,37.42,27.0,51.0,37.42,27.0,51.0,32091.58,31716.6,32401.65,32091.58,31716.6,32401.65,-14.16,-103.625,92.3,-14.16,-103.625,92.3,71.24,56.0,88.325,71.24,56.0,88.325,55701.96,55073.625,56230.625,55701.96,55073.625,56230.625,-283.06,-432.7,-150.75,-283.06,-432.7,-150.75,0.0,0.0,0.0,0.0,0.0,0.0,0.0,0.0,0.0,0.0,0.0,0.0,1.26,0.0,3.775,1.26,0.0,3.775,415.26,324.0,506.175,415.26,324.0,506.175,145.7,127.45,175.0,145.7,127.45,175.0,-788.24,-1053.35,-610.8,-788.24,-1053.35,-610.8,1.52,0.0,3.0,1.52,0.0,3.0,476.98,409.05,540.525,476.98,409.05,540.525,0.0,0.0,0.0,0.0,0.0,0.0,0.0,0.0,0.0,0.0,0.0,0.0
2013,248.6,216.125,273.55,248.6,216.125,273.55,428.36,386.45,469.3,428.36,386.45,469.3,234243.62,233630.075,234838.975,234243.62,233630.075,234838.975,72612.0,72440.8,72898.5,72612.0,72440.8,72898.5,161269.0,161269.0,161269.0,161269.0,161269.0,161269.0,8957.62,8776.9,9138.475,8957.62,8776.9,9138.475,144.86,121.225,168.2,144.86,121.225,168.2,153827.64,153151.5,154351.7,153827.64,153151.5,154351.7,343.18,162.95,500.975,343.18,162.95,500.975,57.88,48.0,70.55,57.88,48.0,70.55,30833.5,30469.8,31154.275,30833.5,30469.8,31154.275,-66.7,-178.325,19.1,-66.7,-178.325,19.1,45.86,33.675,57.55,45.86,33.675,57.55,49582.48,49056.4,50011.325,49582.48,49056.4,50011.325,24.12,-172.5,197.65,24.12,-172.5,197.65,0.0,0.0,0.0,0.0,0.0,0.0,0.0,0.0,0.0,0.0,0.0,0.0,4.9,1.0,8.775,4.9,1.0,8.775,164.6,77.35,250.75,164.6,77.35,250.75,235.48,202.225,259.775,235.48,202.225,259.775,-946.74,-1171.4,-765.925,-946.74,-1171.4,-765.925,8.22,3.45,13.775,8.22,3.45,13.775,1082.74,965.675,1185.375,1082.74,965.675,1185.375,0.0,0.0,0.0,0.0,0.0,0.0,0.0,0.0,0.0,0.0,0.0,0.0
2014,269.36,238.225,296.775,269.36,238.225,296.775,697.72,639.15,731.775,697.72,639.15,731.775,258336.2,257633.95,259011.025,258336.2,257633.95,259011.025,68110.44,67849.225,68347.4,68110.44,67849.225,68347.4,151359.0,151359.0,151359.0,151359.0,151359.0,151359.0,9115.98,8980.45,9249.325,9115.98,8980.45,9249.325,183.5,158.225,204.55,183.5,158.225,204.55,176497.08,175804.25,177220.6,176497.08,175804.25,177220.6,98.62,-27.775,199.65,98.62,-27.775,199.65,51.56,40.0,62.0,51.56,40.0,62.0,34859.92,34460.65,35233.375,34859.92,34460.65,35233.375,-28.14,-108.425,54.325,-28.14,-108.425,54.325,34.3,24.225,45.55,34.3,24.225,45.55,46979.2,46330.725,47596.025,46979.2,46330.725,47596.025,87.88,-86.2,240.325,87.88,-86.2,240.325,0.0,0.0,0.0,0.0,0.0,0.0,4.02,1.0,10.0,4.02,1.0,10.0,20.8,11.225,30.55,20.8,11.225,30.55,552.86,460.675,638.975,552.86,460.675,638.975,215.52,188.9,235.55,215.52,188.9,235.55,-1230.12,-1398.825,-1038.925,-1230.12,-1398.825,-1038.925,33.04,25.0,44.0,33.04,25.0,44.0,811.62,670.075,926.55,811.62,670.075,926.55,0.0,0.0,0.0,0.0,0.0,0.0,19.98,11.225,28.775,19.98,11.225,28.775
2015,331.74,290.45,361.0,331.74,290.45,361.0,1029.46,965.8,1086.775,1029.46,965.8,1086.775,311589.86,310801.975,312281.35,311589.86,310801.975,312281.35,64622.46,64402.175,64801.325,64622.46,64402.175,64801.325,143952.0,143952.0,143952.0,143952.0,143952.0,143952.0,11183.88,11013.9,11335.25,11183.88,11013.9,11335.25,171.0,145.675,196.525,171.0,145.675,196.525,210270.9,209412.625,210922.075,210270.9,209412.625,210922.075,906.0,766.25,1086.15,906.0,766.25,1086.15,84.44,68.225,99.55,84.44,68.225,99.55,42703.7,42283.7,43063.075,42703.7,42283.7,43063.075,192.16,118.7,288.3,192.16,118.7,288.3,76.3,61.225,92.55,76.3,61.225,92.55,58615.26,57982.35,59423.25,58615.26,57982.35,59423.25,969.74,820.3,1131.1,969.74,820.3,1131.1,0.0,0.0,0.0,0.0,0.0,0.0,81.3,58.675,101.55,81.3,58.675,101.55,59.98,42.225,75.55,59.98,42.225,75.55,850.34,730.7,972.0,850.34,730.7,972.0,191.0,162.45,215.55,191.0,162.45,215.55,-305.98,-449.325,-77.775,-305.98,-449.325,-77.775,80.76,65.0,96.55,80.76,65.0,96.55,1326.62,1181.4,1494.85,1326.62,1181.4,1494.85,0.0,0.0,0.0,0.0,0.0,0.0,115.62,91.45,141.55,115.62,91.45,141.55
2016,709.7,660.8,748.775,709.7,660.8,748.775,1739.16,1654.675,1816.775,1739.16,1654.675,1816.775,407234.44,406531.825,408091.075,407234.44,406531.825,408091.075,62865.76,62660.65,63088.725,62865.76,62660.65,63088.725,140350.0,140350.0,140350.0,140350.0,140350.0,140350.0,14711.66,14495.225,14916.0,14711.66,14495.225,14916.0,326.04,297.9,351.775,326.04,297.9,351.775,263722.26,262863.575,264390.425,263722.26,262863.575,264390.425,1269.54,1084.575,1448.5,1269.54,1084.575,1448.5,224.08,199.675,253.425,224.08,199.675,253.425,53977.2,53597.825,54326.25,53977.2,53597.825,54326.25,375.28,275.675,481.65,375.28,275.675,481.65,159.58,136.225,183.325,159.58,136.225,183.325,89534.98,88654.35,90374.05,89534.98,88654.35,90374.05,1882.96,1680.8,2086.875,1882.96,1680.8,2086.875,0.0,0.0,0.0,0.0,0.0,0.0,175.98,143.225,207.0,175.98,143.225,207.0,103.34,87.0,125.55,103.34,87.0,125.55,1373.44,1223.475,1515.6,1373.44,1223.475,1515.6,438.26,407.225,466.1,438.26,407.225,466.1,394.9,236.25,587.075,394.9,236.25,587.075,168.1,143.675,191.1,168.1,143.675,191.1,1478.26,1285.375,1658.95,1478.26,1285.375,1658.95,0.0,0.0,0.0,0.0,0.0,0.0,105.2,70.35,143.55,105.2,70.35,143.55
2017,949.88,894.675,1031.1,949.88,894.675,1031.1,2689.04,2599.475,2812.05,2689.04,2599.475,2812.05,485678.12,484701.625,486718.25,485678.12,484701.625,486718.25,62548.26,62356.0,62779.1,62548.26,62356.0,62779.1,139605.0,139605.0,139605.0,139605.0,139605.0,139605.0,17526.06,17348.6,17696.3,17526.06,17348.6,17696.3,549.76,520.225,588.425,549.76,520.225,588.425,307871.52,307049.825,308720.05,307871.52,307049.825,308720.05,1164.7,1008.225,1304.65,1164.7,1008.225,1304.65,139.1,116.0,162.325,139.1,116.0,162.325,68079.78,67655.225,68601.25,68079.78,67655.225,68601.25,483.64,354.675,587.1,483.64,354.675,587.1,261.02,233.45,295.775,261.02,233.45,295.775,109726.82,108980.85,110594.1,109726.82,108980.85,110594.1,1166.06,932.425,1385.4,1166.06,932.425,1385.4,0.0,0.0,0.0,0.0,0.0,0.0,246.72,191.8,293.0,246.72,191.8,293.0,166.56,146.675,190.325,166.56,146.675,190.325,1045.66,862.825,1204.775,1045.66,862.825,1204.775,506.76,465.125,546.55,506.76,465.125,546.55,513.72,324.425,717.5,513.72,324.425,717.5,276.56,247.45,317.1,276.56,247.45,317.1,806.34,573.65,1031.425,806.34,573.65,1031.425,0.0,0.0,0.0,0.0,0.0,0.0,201.96,147.125,259.75,201.96,147.125,259.75
2018,1195.62,1142.9,1259.975,1195.62,1142.9,1259.975,3884.66,3775.0,4038.2,3884.66,3775.0,4038.2,553694.28,552817.05,554901.025,553694.28,552817.05,554901.025,62541.6,62320.35,62761.05,62541.6,62320.35,62761.05,139482.0,139482.0,139482.0,139482.0,139482.0,139482.0,19992.24,19787.5,20277.25,19992.24,19787.5,20277.25,775.28,733.9,843.7,775.28,733.9,843.7,347572.6,346465.775,348507.1,347572.6,346465.775,348507.1,1197.38,1028.8,1449.075,1197.38,1028.8,1449.075,42.44,29.675,54.325,42.44,29.675,54.325,84487.94,83946.9,85039.65,84487.94,83946.9,85039.65,590.32,454.35,720.825,590.32,454.35,720.825,377.9,349.9,410.775,377.9,349.9,410.775,121633.74,120638.225,122532.6,121633.74,120638.225,122532.6,678.48,521.35,855.75,678.48,521.35,855.75,0.0,0.0,0.0,0.0,0.0,0.0,136.36,86.45,200.825,136.36,86.45,200.825,267.68,243.125,286.325,267.68,243.125,286.325,1137.6,948.075,1357.225,1137.6,948.075,1357.225,525.88,481.225,586.8,525.88,481.225,586.8,687.2,511.375,820.55,687.2,511.375,820.55,402.06,364.125,436.325,402.06,364.125,436.325,217.0,82.8,371.975,217.0,82.8,371.975,0.0,0.0,0.0,0.0,0.0,0.0,288.02,237.675,347.875,288.02,237.675,347.875
2019,1877.7,1781.225,1953.1,1877.7,1781.225,1953.1,5762.36,5571.975,5916.4,5762.36,5571.975,5916.4,640050.6,639089.4,641032.625,640050.6,639089.4,641032.625,63479.62,63264.875,63683.975,63479.62,63264.875,63683.975,140588.0,140588.0,140588.0,140588.0,140588.0,140588.0,23179.06,22854.0,23464.55,23179.06,22854.0,23464.55,1227.0,1162.0,1280.325,1227.0,1162.0,1280.325,393307.76,392097.875,394435.475,393307.76,392097.875,394435.475,1063.94,750.8,1299.425,1063.94,750.8,1299.425,133.5,115.675,151.775,133.5,115.675,151.775,93162.38,92554.525,93782.275,93162.38,92554.525,93782.275,319.94,194.225,495.875,319.94,194.225,495.875,517.2,481.675,559.85,517.2,481.675,559.85,153580.46,152479.775,154426.7,153580.46,152479.775,154426.7,1802.94,1577.4,2056.425,1802.94,1577.4,2056.425,0.24,0.0,1.0,0.24,0.0,1.0,-12.12,-92.6,39.325,-12.12,-92.6,39.325,427.26,392.9,469.975,427.26,392.9,469.975,1316.0,1139.35,1618.4,1316.0,1139.35,1618.4,903.14,846.0,960.775,903.14,846.0,960.775,580.9,405.175,762.375,580.9,405.175,762.375,547.06,507.125,591.875,547.06,507.125,591.875,1273.06,1097.075,1504.0,1273.06,1097.075,1504.0,0.0,0.0,0.0,0.0,0.0,0.0,28.98,-51.2,80.325,28.98,-51.2,80.325
2020,2184.2,2109.9,2256.1,2184.2,2109.9,2256.1,7946.56,7702.8,8107.55,7946.56,7702.8,8107.55,719267.06,718283.775,720330.55,719267.06,718283.775,720330.55,66635.1,66410.675,66861.625,66635.1,66410.675,66861.625,147154.0,147154.0,147154.0,147154.0,147154.0,147154.0,26958.44,26653.8,27276.15,26958.44,26653.8,27276.15,1425.26,1364.125,1487.325,1425.26,1364.125,1487.325,425752.08,424377.325,426819.25,425752.08,424377.325,426819.25,1263.82,985.925,1535.85,1263.82,985.925,1535.85,125.74,107.675,143.775,125.74,107.675,143.775,102860.44,102265.125,103409.0,102860.44,102265.125,103409.0,472.64,249.45,618.625,472.64,249.45,618.625,633.2,593.575,677.425,633.2,593.575,677.425,190654.54,189527.575,191564.175,190654.54,189527.575,191564.175,2042.92,1776.675,2290.1,2042.92,1776.675,2290.1,1.66,0.0,3.775,1.66,0.0,3.775,-150.68,-220.75,-85.675,-150.68,-220.75,-85.675,645.6,593.95,679.775,645.6,593.95,679.775,1104.52,894.3,1345.4,1104.52,894.3,1345.4,870.44,823.45,932.6,870.44,823.45,932.6,866.7,627.575,1043.775,866.7,627.575,1043.775,666.5,626.675,712.65,666.5,626.675,712.65,1872.12,1641.05,2058.775,1872.12,1641.05,2058.775,0.0,0.0,0.0,0.0,0.0,0.0,86.72,12.9,167.65,86.72,12.9,167.65
2021,2386.74,2274.375,2514.3,2386.74,2274.375,2514.3,10333.3,10108.025,10503.975,10333.3,10108.025,10503.975,800202.88,799134.825,801373.925,800202.88,799134.825,801373.925,88909.8,88602.1,89105.8,88909.8,88602.1,89105.8,195507.0,195507.0,195507.0,195507.0,195507.0,195507.0,30207.38,29822.2,30487.125,30207.38,29822.2,30487.125,1558.4,1499.45,1658.175,1558.4,1499.45,1658.175,471710.36,470235.05,472919.975,471710.36,470235.05,472919.975,1508.92,1141.65,1797.8,1508.92,1141.65,1797.8,161.34,138.675,181.325,161.34,138.675,181.325,112728.24,112034.25,113333.175,112728.24,112034.25,113333.175,523.48,359.8,703.525,523.48,359.8,703.525,667.0,601.125,705.775,667.0,601.125,705.775,215764.28,214678.1,216908.575,215764.28,214678.1,216908.575,1216.54,967.4,1406.3,1216.54,967.4,1406.3,0.0,0.0,0.0,0.0,0.0,0.0,-125.22,-192.75,-63.925,-125.22,-192.75,-63.925,764.62,727.675,821.775,764.62,727.675,821.775,887.76,695.475,1203.55,887.76,695.475,1203.55,921.8,873.9,989.525,921.8,873.9,989.525,1850.92,1559.325,2108.6,1850.92,1559.325,2108.6,700.32,631.225,738.775,700.32,631.225,738.775,542.9,275.4,789.975,542.9,275.4,789.975,0.0,0.0,0.0,0.0,0.0,0.0,92.58,8.65,159.875,92.58,8.65,159.875
2022,2356.8,2253.35,2439.1,2356.8,2253.35,2439.1,12690.1,12468.275,12916.05,12690.1,12468.275,12916.05,835581.7,834175.3,836488.775,835581.7,834175.3,836488.775,126455.9,126234.9,126681.65,126455.9,126234.9,126681.65,275252.0,275252.0,275252.0,275252.0,275252.0,275252.0,32089.28,31718.375,32390.0,32089.28,31718.375,32390.0,1581.6,1487.9,1659.65,1581.6,1487.9,1659.65,488207.48,486502.325,489471.025,488207.48,486502.325,489471.025,606.2,271.95,968.975,606.2,271.95,968.975,123.6,109.225,140.0,123.6,109.225,140.0,110048.2,109268.45,110622.175,110048.2,109268.45,110622.175,-24.8,-183.525,158.0,-24.8,-183.525,158.0,651.6,611.45,695.65,651.6,611.45,695.65,237326.02,236128.475,238625.425,237326.02,236128.475,238625.425,1300.5,939.475,1596.325,1300.5,939.475,1596.325,0.0,0.0,0.0,0.0,0.0,0.0,-49.54,-95.325,-8.225,-49.54,-95.325,-8.225,749.78,706.675,802.325,749.78,706.675,802.325,460.84,209.1,737.45,460.84,209.1,737.45,923.42,857.35,989.425,923.42,857.35,989.425,413.26,137.2,699.025,413.26,137.2,699.025,679.94,643.45,718.775,679.94,643.45,718.775,1171.94,863.75,1418.075,1171.94,863.75,1418.075,3.66,1.0,7.0,3.66,1.0,7.0,-114.6,-193.775,-32.9,-114.6,-193.775,-32.9
2023,3038.5,2932.15,3121.875,3038.5,2932.15,3121.875,15728.6,15475.1,16002.55,15728.6,15475.1,16002.55,948523.7,946855.6,949651.275,948523.7,946855.6,949651.275,89417.82,89126.575,89636.975,89417.82,89126.575,89636.975,193927.0,193927.0,193927.0,193927.0,193927.0,193927.0,37606.18,37296.85,37980.225,37606.18,37296.85,37980.225,2130.16,2037.7,2193.775,2130.16,2037.7,2193.775,527539.8,525721.675,528612.925,527539.8,525721.675,528612.925,1593.8,1316.9,1905.65,1593.8,1316.9,1905.65,167.66,142.0,190.775,167.66,142.0,190.775,116273.18,115499.975,116980.0,116273.18,115499.975,116980.0,166.76,-62.55,347.35,166.76,-62.55,347.35,740.68,697.45,788.55,740.68,697.45,788.55,304710.72,303456.5,305931.4,304710.72,303456.5,305931.4,3756.34,3420.6,4132.525,3756.34,3420.6,4132.525,0.0,0.0,0.0,0.0,0.0,0.0,134.8,81.9,192.875,134.8,81.9,192.875,1079.34,1019.9,1124.325,1079.34,1019.9,1124.325,1563.72,1275.4,1843.0,1563.72,1275.4,1843.0,1174.44,1100.7,1242.2,1174.44,1100.7,1242.2,1325.54,1056.8,1602.1,1325.54,1056.8,1602.1,768.54,725.225,819.65,768.54,725.225,819.65,2650.76,2361.1,2980.3,2650.76,2361.1,2980.3,16.18,10.45,25.1,16.18,10.45,25.1,-157.92,-262.15,-82.225,-157.92,-262.15,-82.225
2024,3779.26,3689.0,3926.85,3779.26,3689.0,3926.85,19507.86,19213.8,19770.65,19507.86,19213.8,19770.65,1076411.2,1074831.7,1077626.675,1076411.2,1074831.7,1077626.675,77114.16,76878.35,77405.575,77114.16,76878.35,77405.575,167395.0,167395.0,167395.0,167395.0,167395.0,167395.0,43861.34,43484.175,44325.7,43861.34,43484.175,44325.7,2587.1,2511.125,2717.05,2587.1,2511.125,2717.05,562754.98,560982.425,563822.925,562754.98,560982.425,563822.925,1596.4,1268.6,1883.625,1596.4,1268.6,1883.625,310.96,275.25,339.55,310.96,275.25,339.55,130300.4,129403.475,130989.7,130300.4,129403.475,130989.7,493.08,318.125,656.55,493.08,318.125,656.55,881.2,826.45,933.525,881.2,826.45,933.525,383355.82,382144.75,384583.65,383355.82,382144.75,384583.65,4165.68,3748.0,4483.25,4165.68,3748.0,4483.25,0.0,0.0,0.0,0.0,0.0,0.0,136.82,73.375,204.55,136.82,73.375,204.55,1515.52,1436.925,1581.875,1515.52,1436.925,1581.875,1522.36,1269.875,1747.3,1522.36,1269.875,1747.3,1257.8,1193.15,1336.75,1257.8,1193.15,1336.75,1363.46,1131.25,1557.6,1363.46,1131.25,1557.6,907.5,848.05,955.65,907.5,848.05,955.65,3248.36,2863.55,3519.825,3248.36,2863.55,3519.825,98.44,75.575,120.775,98.44,75.575,120.775,-15.84,-88.2,39.55,-15.84,-88.2,39.55
2025,3641.6,3546.7,3757.75,4778.3,4674.125,4911.1,23149.46,22813.0,23425.175,24286.16,23934.175,24559.775,1199153.7,1197739.525,1200280.825,1198064.82,1196766.275,1199300.55,76944.64,76735.15,77113.3,77368.04,77055.25,77602.5,167395.0,167395.0,167395.0,167395.0,167395.0,167395.0,49175.86,48817.6,49571.35,49841.34,49402.925,50249.275,2248.88,2161.8,2351.425,3359.46,3253.025,3449.875,551971.88,550453.2,553155.55,596479.96,595017.175,597681.25,-1092.06,-1364.425,-753.425,1733.62,1431.7,2033.1,322.24,292.225,356.1,371.52,333.675,400.775,140316.86,139472.15,140969.3,143608.62,142659.675,144333.275,351.3,200.125,498.075,456.36,291.7,629.6,1070.48,1018.45,1125.325,1047.32,969.15,1105.75,506864.96,505442.2,508195.45,457976.24,456954.625,459171.2,6055.28,5708.05,6494.6,3790.02,3376.75,4227.625,0.0,0.0,0.0,1.62,0.0,3.775,295.6,230.575,359.775,137.16,58.575,203.55,1707.58,1617.25,1789.85,2051.0,1950.475,2134.75,1601.1,1209.3,1927.625,1630.56,1307.95,2000.45,825.0,772.925,886.2,1549.68,1460.525,1625.4,603.18,362.675,899.2,1335.16,1069.4,1543.425,1068.36,1024.225,1137.75,1068.34,997.85,1138.4,2899.86,2568.95,3266.325,2914.78,2475.825,3237.525,40.66,30.225,52.775,107.66,88.675,125.325,-85.22,-151.75,-19.8,-37.66,-94.775,37.5
2026,3867.94,3742.45,3945.875,5468.1,5302.775,5587.15,27017.4,26662.925,27333.05,29754.26,29345.5,30097.825,1317240.52,1315690.425,1318214.325,1313747.48,1312161.95,1314744.175,76114.46,75842.6,76289.725,77703.78,77403.175,78013.9,167395.0,167395.0,167395.0,167395.0,167395.0,167395.0,54661.72,54175.525,55078.875,55476.56,55026.4,55979.25,2126.56,2032.475,2205.0,3873.44,3715.275,3985.4,545979.38,544798.65,547153.3,628646.64,627426.45,629949.875,-742.04,-1108.075,-423.175,1471.96,1183.425,1921.675,362.76,326.9,393.55,370.98,326.825,401.975,152392.86,151641.075,153040.0,156466.2,155544.125,157196.375,379.28,196.575,565.65,380.74,208.5,567.075,1378.62,1324.8,1429.65,1223.68,1168.025,1283.85,618868.28,617550.075,620333.75,528634.64,527437.125,529948.775,5848.62,5473.275,6333.375,3782.52,3384.55,4334.45,6.36,2.0,12.55,3.06,0.225,7.775,226.12,147.225,311.075,131.54,42.475,193.55,1982.96,1899.175,2059.1,2643.58,2528.25,2724.55,1567.7,1217.925,1849.925,1656.44,1368.2,2054.975,638.24,593.45,696.825,1531.76,1454.575,1606.325,777.72,494.5,1080.8,939.1,594.775,1303.7,1237.62,1195.225,1294.85,1240.36,1183.5,1302.95,2960.68,2583.35,3381.6,2970.08,2644.15,3410.175,2.76,0.0,6.0,49.34,37.225,63.1,-46.36,-119.3,-4.9,-61.94,-117.875,-0.45
2027,4328.1,4222.575,4456.875,6392.96,6257.675,6524.075,31345.5,30963.9,31622.25,36147.22,35742.95,36507.175,1429812.72,1428294.4,1430907.05,1424334.9,1422934.9,1425383.7,75666.18,75420.0,75944.725,76920.1,76669.45,77217.275,167395.0,167395.0,167395.0,167395.0,167395.0,167395.0,60624.62,60150.3,60985.175,61355.48,61077.8,61851.85,2198.9,2127.225,2288.325,4623.46,4492.475,4735.85,546081.1,544672.375,547318.025,658971.52,657822.65,660336.225,181.72,-174.675,474.6,1898.62,1491.7,2304.15,419.8,387.225,454.1,376.18,347.35,405.775,161041.52,160341.6,161665.65,168839.06,167792.75,169502.775,323.46,116.15,530.275,417.08,222.625,609.55,1709.4,1620.2,1799.425,1393.32,1312.225,1471.325,722690.1,720931.7,724060.5,596524.32,595041.25,597812.725,5457.72,4979.625,6070.925,3563.22,3149.15,3982.85,9.26,4.0,14.0,6.94,3.0,11.0,162.36,78.225,238.0,139.64,61.225,207.975,2332.98,2254.225,2433.625,3261.92,3150.8,3363.975,1645.1,1304.4,1882.525,1904.2,1576.85,2206.675,592.66,550.9,643.325,1724.32,1658.675,1777.1,1353.28,1026.95,1678.925,1124.84,843.8,1444.75,1388.68,1297.275,1460.325,1396.84,1315.575,1470.1,2780.28,2469.2,3087.875,2763.02,2409.95,3154.2,4.52,1.0,9.0,2.94,0.0,7.0,21.88,-40.6,79.325,-52.78,-109.1,-2.225
2028,5079.2,4880.875,5216.65,7386.88,7192.0,7578.7,36424.7,36004.05,36770.625,43534.1,43167.55,43953.775,1535587.02,1534034.075,1536813.525,1527912.02,1526666.725,1529077.225,77494.04,77315.275,77722.425,78464.52,78230.225,78731.325,167395.0,167395.0,167395.0,167395.0,167395.0,167395.0,65594.66,65240.925,65999.9,66821.36,66376.6,67265.1,2359.2,2276.125,2451.475,5372.56,5255.575,5525.9,546420.9,545032.65,547679.45,687172.1,685870.0,688531.15,183.68,-76.525,435.875,1959.58,1534.5,2288.65,508.46,472.675,539.0,469.8,442.225,499.0,169948.86,169284.85,170602.425,180885.66,180037.75,181691.75,308.18,131.875,529.95,491.18,311.575,682.475,2211.54,2105.825,2296.525,1544.52,1452.45,1628.7,819217.26,817812.0,820635.825,659854.26,658325.0,661258.95,4478.18,3851.725,4811.775,3015.12,2624.825,3498.225,12.26,6.0,19.775,11.66,5.0,16.775,157.46,58.225,249.625,135.26,53.425,223.875,2684.08,2582.475,2798.85,3932.0,3838.9,4035.075,1428.94,1075.65,1653.325,1991.92,1707.9,2398.975,852.54,791.675,909.075,1920.52,1848.375,1983.75,1093.02,791.4,1445.65,1076.92,644.15,1365.325,1525.62,1436.125,1598.65,1515.06,1431.8,1606.85,2288.04,1801.475,2683.15,2261.26,1949.375,2596.775,4.7,1.225,9.775,7.64,3.45,13.775,2.58,-65.325,62.975,0.52,-44.325,50.775
2029,5929.36,5761.675,6091.775,8415.64,8223.0,8622.725,42354.06,41965.7,42733.25,51949.74,51519.4,52336.0,1636351.56,1634811.225,1637720.65,1625892.66,1624419.975,1627251.95,77704.58,77467.25,77925.4,78936.12,78684.225,79133.25,167395.0,167395.0,167395.0,167395.0,167395.0,167395.0,70393.88,69961.9,70839.675,71946.24,71522.35,72486.975,2588.96,2484.375,2700.4,6144.4,5986.85,6301.175,546483.18,545185.325,547950.475,712887.54,711616.425,714277.725,279.78,32.9,576.3,2021.12,1672.225,2410.875,527.36,489.0,570.775,504.82,462.125,543.55,178675.36,177979.075,179313.275,192888.52,192113.425,193588.45,280.14,45.9,509.9,429.58,191.575,655.025,2813.04,2715.675,2900.1,1766.42,1687.45,1841.525,911193.02,909712.425,912523.65,720116.6,718514.325,721440.45,4239.3,3768.1,4783.075,2674.18,2172.55,3294.55,15.68,8.225,23.775,22.06,13.0,31.55,142.02,40.35,262.7,131.96,31.6,215.325,3128.88,3009.075,3257.475,4645.48,4521.7,4751.875,1464.04,1090.95,1804.275,2068.38,1694.9,2347.925,1065.7,993.375,1115.875,2031.82,1928.625,2127.175,1215.06,937.8,1538.4,983.88,653.575,1345.775,1714.2,1643.925,1781.975,1708.04,1624.8,1774.325,1963.8,1609.7,2333.65,1933.36,1523.2,2358.175,4.9,2.0,8.0,8.24,3.225,13.0,14.3,-44.55,75.55,7.3,-48.65,49.875
2030,6937.24,6784.625,7094.075,9517.04,9336.7,9666.45,49291.3,48740.5,49716.475,61466.78,60988.825,61960.375,1731822.44,1730163.35,1733289.675,1718482.44,1717281.675,1719868.8,78670.7,78429.275,78863.425,79484.44,79203.15,79735.15,167395.0,167395.0,167395.0,167395.0,167395.0,167395.0,74721.42,74326.0,75139.925,76788.78,76402.15,77190.425,2744.4,2669.225,2816.775,6985.54,6788.7,7126.95,546374.12,544872.05,547686.6,736353.74,734780.25,737818.85,273.2,-41.05,526.825,2140.74,1592.75,2591.175,568.4,534.9,620.55,551.64,517.225,599.525,186872.82,186207.15,187539.4,204565.4,203806.125,205263.95,287.88,84.35,461.725,405.96,145.25,611.425,3624.44,3518.8,3747.975,1979.86,1886.35,2098.675,998575.5,997158.0,1000103.125,777563.3,775910.15,778936.475,3766.46,3310.175,4338.525,2295.84,1805.75,2747.575,18.28,11.45,27.0,34.38,24.45,46.1,158.1,62.85,251.975,135.18,19.5,221.975,3595.76,3476.625,3699.75,5415.18,5279.85,5518.0,1496.92,1128.8,1856.1,2201.16,1869.25,2549.375,1391.8,1335.225,1453.975,2159.74,2086.575,2236.1,1121.16,740.475,1414.975,892.7,475.075,1281.45,1926.04,1831.8,2028.0,1899.4,1810.375,2009.95,1556.28,1228.35,1933.075,1604.98,1113.475,1981.0,5.36,1.225,11.0,8.34,2.225,14.0,-4.92,-51.425,40.55,8.52,-45.55,64.425
2031,7957.14,7791.825,8142.95,10585.86,10435.225,10733.275,57248.44,56782.4,57702.375,72052.64,71518.9,72629.875,1822286.9,1820628.275,1823619.8,1805738.38,1804459.25,1807125.25,79175.62,79020.925,79367.375,80040.24,79755.775,80350.9,167395.0,167395.0,167395.0,167395.0,167395.0,167395.0,79222.92,78771.175,79672.775,81566.82,81072.85,81985.55,2876.44,2768.1,2950.0,7718.74,7595.45,7858.75,546743.48,545409.325,548103.125,757646.3,756183.05,758969.925,223.48,-91.375,514.15,2038.84,1647.05,2494.025,670.0,626.45,723.875,732.16,693.675,773.325,194036.42,193250.325,194759.825,215852.5,215129.125,216447.675,274.34,53.975,515.325,356.56,103.975,570.475,4410.7,4299.55,4522.625,2134.96,2069.0,2225.125,1081507.0,1080110.475,1082777.375,832239.58,830867.375,833500.275,4003.68,3428.75,4502.0,2382.64,1865.025,2902.775,20.64,13.225,28.0,47.42,35.0,60.0,141.2,19.35,265.725,142.26,24.5,237.55,4121.9,4005.225,4272.275,6157.78,6019.8,6290.875,1468.38,1120.7,1916.375,2296.9,1833.925,2647.55,1751.42,1672.225,1829.375,2336.42,2231.975,2445.75,1047.3,745.35,1354.175,560.3,229.025,930.975,2057.58,1991.35,2130.0,2034.58,1966.35,2127.225,1833.12,1285.35,2243.775,1772.54,1278.075,2150.7,5.6,2.0,9.0,9.66,2.45,15.0,11.5,-44.775,74.1,6.04,-50.775,65.775
2032,8805.52,8624.325,8958.975,11603.76,11393.9,11799.55,66053.96,65548.025,66603.2,83656.4,82998.725,84280.125,1907151.98,1905595.95,1908423.6,1887871.6,1886441.675,1889436.35,80749.84,80535.725,80908.75,80282.02,80006.825,80516.1,167395.0,167395.0,167395.0,167395.0,167395.0,167395.0,83248.08,82749.8,83739.625,86447.76,85893.925,87027.075,3090.92,3003.15,3202.5,8490.44,8340.6,8662.1,557949.06,556603.425,559077.775,776720.4,774981.675,778282.1,601.02,250.225,1011.0,2160.16,1674.7,2610.65,728.74,678.4,774.0,821.56,784.45,862.2,202287.22,201286.575,203078.275,226665.18,225860.325,227466.975,320.9,114.025,571.975,435.36,187.75,712.5,4985.86,4859.3,5134.45,2291.76,2187.05,2383.55,1146915.7,1145739.45,1148377.05,884486.02,883324.675,885907.85,3103.24,2503.975,3598.5,2285.42,1781.275,2744.075,23.04,14.225,33.325,57.78,45.225,72.325,154.54,8.85,296.275,124.94,36.6,218.875,4662.86,4544.675,4785.175,6911.7,6758.35,7100.85,1536.7,1156.625,1928.725,2255.56,1836.025,2668.25,1930.7,1852.225,2020.875,2449.06,2375.675,2521.775,694.34,349.4,1060.5,834.24,523.9,1170.775,2183.32,2091.675,2291.5,2174.74,2073.225,2281.775,1639.1,1153.65,2122.8,1659.1,1245.325,2051.75,5.6,1.225,10.0,10.48,5.225,16.0,0.48,-54.875,71.325,7.1,-39.775,59.425
2033,9644.32,9474.825,9866.2,12711.94,12486.475,12899.25,75698.28,75185.175,76354.05,96368.34,95587.825,97121.875,1989682.82,1988201.325,1990928.3,1965994.92,1964327.35,1967509.6,79652.32,79415.125,79941.675,79799.5,79500.175,80087.875,167395.0,167395.0,167395.0,167395.0,167395.0,167395.0,86679.84,86244.575,87070.2,90940.18,90409.6,91391.75,3310.2,3201.575,3405.55,9314.18,9117.375,9520.15,569720.4,568423.5,570917.925,793533.28,791948.875,795291.85,619.66,232.675,918.325,2231.18,1656.7,2654.1,763.84,709.35,820.325,905.48,857.0,967.775,208851.92,207924.5,209575.2,237053.76,236123.15,238117.975,272.08,-2.8,538.375,408.4,196.225,682.4,5570.28,5434.45,5752.825,2492.28,2388.25,2581.95,1211110.5,1209943.25,1212316.925,935407.88,934088.45,936784.775,2540.02,1989.425,3082.925,1852.84,1461.675,2440.9,25.3,17.225,37.1,65.9,52.225,82.55,142.08,5.475,252.075,136.0,27.925,210.975,5239.62,5097.55,5373.925,7661.62,7475.7,7825.425,1446.86,891.5,1882.65,2258.48,1850.15,2698.425,2091.06,2016.9,2193.05,2664.98,2587.5,2775.675,629.9,337.35,971.675,772.9,414.95,1190.475,2283.04,2208.225,2396.45,2308.42,2214.25,2386.775,1205.58,515.8,1658.6,1316.3,853.3,1856.85,5.3,1.0,10.775,11.02,6.225,17.775,7.34,-40.325,67.525,8.74,-44.775,86.375
2034,10563.02,10394.45,10779.825,13803.92,13627.225,14072.9,86261.3,85663.925,86951.95,110172.26,109259.05,111043.425,2068727.88,2066637.85,2070033.6,2040568.28,2038000.525,2042386.8,79883.26,79678.225,80061.65,79193.06,78946.55,79390.65,167395.0,167395.0,167395.0,167395.0,167395.0,167395.0,89934.68,89343.575,90510.725,95096.58,94672.425,95679.75,3508.32,3408.9,3594.525,10031.78,9849.925,10228.3,581479.14,580218.55,582456.425,807974.0,806347.15,809582.975,638.5,289.15,1001.025,2309.02,1880.325,2743.2,789.84,740.225,846.1,1008.06,952.025,1067.55,214402.54,213566.85,215231.825,247013.06,246151.375,248078.175,190.38,-37.125,405.15,420.2,206.275,645.85,6264.86,6150.9,6427.95,2764.08,2665.45,2861.65,1272846.2,1271457.675,1274247.85,985581.22,984196.5,987033.925,2425.96,1835.525,3031.9,1427.18,927.0,2077.375,31.32,21.225,42.0,100.58,86.45,116.0,128.02,17.0,226.35,134.42,37.825,252.6,5800.94,5664.35,5940.6,8231.14,8090.475,8395.075,1459.96,997.1,1846.9,2232.78,1817.9,2641.4,2239.7,2163.475,2318.725,2956.58,2859.3,3058.75,615.04,303.175,906.25,848.32,423.3,1263.7,2484.86,2377.4,2599.975,2503.86,2401.25,2619.15,1047.16,567.325,1586.0,936.78,444.2,1420.975,6.2,2.0,12.55,11.76,7.0,18.775,4.66,-52.55,64.875,4.1,-57.325,71.975
2035,11357.78,11166.925,11563.6,14890.16,14666.725,15120.75,97619.08,96926.6,98399.025,125062.42,124104.65,125842.6,2145118.68,2142872.6,2146343.775,2111221.74,2108738.3,2112953.95,79623.1,79331.4,79838.1,79011.78,78801.35,79243.975,167395.0,167395.0,167395.0,167395.0,167395.0,167395.0,92849.1,92297.65,93380.075,99197.76,98602.775,99617.975,3720.2,3603.05,3839.625,10902.46,10689.375,11058.2,592244.34,591042.325,593366.3,820188.32,818504.65,821634.15,560.46,185.225,840.975,2274.28,1805.025,2784.8,848.32,799.0,913.55,1123.84,1057.125,1186.65,220108.42,219236.575,220931.05,256554.5,255642.45,257639.25,233.16,39.125,460.65,393.28,194.8,539.0,6789.26,6661.125,6898.075,2863.86,2740.6,3002.4,1332765.92,1331618.7,1334005.075,1034478.92,1033236.725,1035935.225,2120.8,1423.4,2801.375,1433.62,871.4,1963.05,35.76,24.225,45.55,146.64,116.45,166.0,148.46,57.5,252.075,139.58,8.45,255.75,6381.78,6250.35,6544.75,8876.06,8726.175,9031.6,1435.6,950.375,1800.925,2097.3,1628.8,2602.75,2403.24,2330.675,2502.725,3315.2,3206.175,3427.625,460.36,-81.95,818.525,885.22,430.25,1173.5,2531.72,2422.4,2609.15,2540.58,2426.45,2639.525,871.52,432.425,1409.125,971.14,424.125,1492.275,5.28,1.0,11.0,11.68,5.225,18.775,-1.52,-61.2,53.1,7.94,-58.3,52.55
2036,12270.86,12076.35,12481.9,15705.94,15459.875,15969.05,109889.94,109139.9,110791.125,140768.36,139721.65,141778.225,2217655.36,2215795.55,2219115.175,2177646.38,2175459.35,2179451.525,80268.44,79997.075,80490.975,79140.18,78876.825,79345.225,167395.0,167395.0,167395.0,167395.0,167395.0,167395.0,96057.88,95545.45,96580.175,103298.18,102800.875,104024.75,3970.46,3825.6,4080.55,11472.4,11272.825,11698.475,601875.08,600731.35,602854.125,830082.12,828555.35,831333.0,620.5,243.725,1010.4,2244.56,1697.775,2876.225,912.54,847.675,970.1,1258.9,1188.125,1319.425,226025.28,225216.275,226873.7,265651.18,264676.125,266668.85,280.98,89.8,495.775,442.14,229.6,755.7,7387.86,7250.9,7551.85,2974.64,2887.9,3062.075,1389755.0,1388458.15,1391161.1,1081913.08,1080793.9,1083519.25,2307.3,1561.575,3023.85,1413.72,849.625,2056.175,42.0,32.225,55.0,190.02,167.0,209.775,126.56,-37.875,268.075,136.66,13.075,274.35,7003.56,6825.925,7152.55,9439.38,9210.25,9624.65,1595.82,907.725,2116.425,2030.36,1464.025,2484.325,2604.5,2524.45,2689.425,3473.24,3360.5,3585.55,487.36,158.675,819.3,1009.4,624.55,1340.875,2615.08,2522.125,2707.55,2590.32,2490.8,2678.325,988.22,493.575,1438.775,917.18,468.9,1420.675,5.72,2.0,10.0,12.98,7.225,19.775,10.82,-39.325,54.875,6.82,-52.85,73.775
2037,13093.58,12886.8,13293.725,16484.28,16269.15,16755.325,122983.52,122061.7,123842.075,157252.64,156321.35,158311.25,2285268.54,2283307.65,2286615.575,2239021.08,2236971.65,2240963.575,82257.46,82058.4,82501.175,80360.82,80088.175,80621.8,167395.0,167395.0,167395.0,167395.0,167395.0,167395.0,98992.36,98513.15,99670.725,107127.48,106576.275,107856.475,4248.06,4117.425,4361.975,11988.56,11806.3,12222.775,613157.34,612029.575,614239.975,837784.9,836382.375,839135.45,634.06,272.65,1008.825,2068.2,1500.625,2662.45,965.94,918.675,1016.55,1372.92,1301.275,1429.0,231585.62,230757.7,232369.6,274384.5,273327.25,275317.225,184.08,-86.15,421.775,413.22,160.55,655.075,7879.58,7748.225,8054.4,3122.8,3000.9,3214.425,1440525.58,1439297.85,1442027.875,1126851.68,1125675.05,1128550.175,2116.34,1268.075,2836.875,1347.88,761.825,2068.025,45.98,37.225,57.0,224.84,200.225,251.1,124.06,-28.325,266.375,145.08,12.425,306.15,7569.44,7441.35,7739.0,9754.6,9563.45,9922.875,1381.0,950.825,1953.375,1843.84,1291.875,2304.35,2752.84,2662.0,2833.975,3814.42,3665.3,3920.325,432.16,36.975,774.225,854.5,495.1,1280.425,2719.72,2645.35,2815.2,2675.98,2583.225,2762.975,991.76,316.65,1612.6,975.8,422.35,1589.4,5.6,2.0,9.775,14.44,8.0,21.775,5.5,-54.875,60.525,10.08,-43.775,74.1
2038,13919.96,13680.15,14220.875,16627.72,16336.3,16873.75,136903.48,136061.075,137833.55,173880.36,172896.25,174885.25,2349363.5,2347676.35,2350806.65,2295887.32,2294034.725,2297856.875,82823.86,82589.325,83038.2,81271.02,81012.9,81486.3,167395.0,167395.0,167395.0,167395.0,167395.0,167395.0,101944.18,101506.925,102430.175,110725.74,110152.525,111479.875,4572.2,4443.725,4725.4,11848.26,11665.025,12054.875,625935.42,624664.875,627322.65,843762.06,842160.875,845196.0,861.54,581.575,1206.325,1705.24,988.0,2285.375,1031.68,963.825,1080.525,1482.16,1390.525,1558.2,236697.44,235883.175,237559.4,282661.9,281565.425,283600.95,240.2,13.1,497.8,414.2,134.775,681.275,8316.08,8087.025,8548.325,3297.3,3192.925,3430.6,1486730.64,1485586.475,1488400.725,1169463.36,1168040.325,1171149.475,1850.08,1306.575,2541.375,1478.82,768.425,2004.2,53.56,42.0,65.775,258.86,220.675,286.775,117.32,5.9,273.975,146.02,14.0,264.775,8084.08,7911.35,8308.575,9705.78,9529.8,9887.325,1323.66,836.025,1638.35,1618.34,1045.5,2120.525,2940.12,2860.225,3049.875,3855.78,3725.475,3996.325,494.02,103.075,827.0,845.56,509.775,1312.575,2835.74,2736.45,2964.075,2792.38,2688.15,2930.525,1014.5,444.475,1579.175,984.8,406.9,1426.05,6.46,2.0,11.0,14.92,7.45,22.775,2.32,-58.55,63.65,3.54,-52.325,61.1
2039,14663.3,14392.225,14851.325,17136.08,16938.525,17352.325,151566.78,150590.575,152468.3,191016.44,189903.375,192024.65,2410192.8,2408454.25,2411762.125,2349224.18,2347571.425,2351406.9,83164.46,82958.45,83372.95,81461.82,81244.275,81734.275,167395.0,167395.0,167395.0,167395.0,167395.0,167395.0,104869.24,104343.425,105323.5,114064.32,113635.45,114536.075,4891.5,4795.8,5058.7,12066.48,11896.45,12246.625,638273.12,637074.375,639459.525,848238.92,846705.425,849532.425,936.02,511.1,1335.425,1524.2,973.775,2227.125,1077.48,1018.225,1133.0,1598.76,1526.675,1668.0,241666.62,240802.975,242632.675,290385.82,289429.75,291376.65,213.92,21.675,465.575,468.4,137.9,738.05,8694.32,8513.925,8859.55,3470.84,3345.175,3591.35,1530253.06,1528958.825,1532009.425,1210599.44,1208992.475,1212306.65,1775.12,1144.6,2446.925,1345.98,897.925,2021.8,56.96,42.225,68.775,305.66,274.575,336.0,118.02,-6.65,239.425,154.38,33.15,268.75,8551.64,8384.475,8730.3,9781.86,9668.8,9927.4,1338.14,858.15,1818.325,1494.6,941.3,2132.325,3098.34,2987.225,3210.625,4119.66,4017.8,4242.475,464.18,66.05,935.275,714.76,257.725,1131.525,2950.68,2841.925,3068.775,2913.9,2804.675,3005.1,1001.48,538.325,1437.7,971.32,583.9,1409.975,5.68,0.45,11.775,15.0,6.675,21.775,3.24,-63.75,82.275,3.52,-56.1,63.875
2040,15357.62,15105.85,15568.4,17493.78,17267.825,17782.75,166924.4,166094.4,167885.85,208510.22,207391.975,209561.175,2467855.98,2466034.85,2469463.625,2399230.38,2397591.875,2401416.025,83690.34,83468.125,83945.375,81675.18,81406.9,81939.55,167395.0,167395.0,167395.0,167395.0,167395.0,167395.0,107509.48,106948.2,108144.0,117181.62,116572.3,118035.95,5155.44,5028.8,5324.625,12101.74,11918.075,12323.55,649715.74,648390.2,650902.325,851368.04,849885.15,852711.975,865.46,318.775,1261.525,1271.6,697.325,1713.35,1141.46,1075.8,1217.95,1744.7,1663.225,1830.725,246351.88,245618.525,247294.55,297665.44,296618.45,298772.025,189.28,-12.025,413.325,434.34,157.95,705.25,9060.72,8853.45,9253.625,3647.34,3512.9,3828.775,1571788.36,1570335.55,1573486.175,1250196.9,1248418.475,1251941.45,1585.5,990.5,2089.05,1411.36,912.8,2050.75,76.94,61.225,93.325,372.22,316.75,419.175,128.68,-2.4,269.475,158.38,15.025,335.325,8944.78,8745.05,9172.225,9797.94,9604.25,10026.55,1222.34,571.65,1754.0,1294.54,610.075,1850.3,3254.74,3162.0,3354.975,4292.02,4162.475,4422.275,384.66,-33.95,691.95,675.86,140.775,1184.65,3074.86,2947.925,3171.0,3016.9,2899.025,3156.75,902.72,229.925,1487.875,985.16,513.575,1598.375,6.3,1.225,11.0,14.7,9.0,22.55,1.84,-76.95,58.975,3.36,-36.55,40.325
