Year,Scenario,Nationality,EB_Category,Count
2011,Uncapped,Other,Overall,31
2011,Uncapped,India,Overall,1
2011,Uncapped,Overall,EB-3,32
2012,Uncapped,China,Overall,35
2012,Uncapped,Other,Overall,72
2012,Uncapped,India,Overall,46
2012,Uncapped,Overall,EB-3,151
2012,Uncapped,Overall,EB-4,2
2013,Uncapped,India,Overall,132
2013,Uncapped,China,Overall,55
2013,Uncapped,Other,Overall,54
2013,Uncapped,Overall,EB-3,227
2013,Uncapped,Overall,EB-2,4
2013,Uncapped,Overall,EB-4,10
2014,Uncapped,India,Overall,192
2014,Uncapped,China,Overall,56
2014,Uncapped,Other,Overall,34
2014,Uncapped,Overall,EB-3,223
2014,Uncapped,Overall,EB-2,26
2014,Uncapped,Overall,EB-4,33
2015,Uncapped,China,Overall,79
2015,Uncapped,India,Overall,186
2015,Uncapped,Other,Overall,79
2015,Uncapped,Overall,EB-3,187
2015,Uncapped,Overall,EB-2,76
2015,Uncapped,Overall,EB-4,81
2016,Uncapped,China,Overall,231
2016,Uncapped,India,Overall,344
2016,Uncapped,Other,Overall,166
2016,Uncapped,Overall,EB-3,450
2016,Uncapped,Overall,EB-2,114
2016,Uncapped,Overall,EB-4,177
2017,Uncapped,India,Overall,567
2017,Uncapped,China,Overall,153
2017,Uncapped,Other,Overall,241
2017,Uncapped,Overall,EB-3,525
2017,Uncapped,Overall,EB-2,176
2017,Uncapped,Overall,EB-4,260
2018,Uncapped,India,Overall,760
2018,Uncapped,China,Overall,46
2018,Uncapped,Other,Overall,369
2018,Uncapped,Overall,EB-3,520
2018,Uncapped,Overall,EB-2,261
2018,Uncapped,Overall,EB-4,394
2019,Uncapped,India,Overall,1184
2019,Uncapped,China,Overall,115
2019,Uncapped,Other,Overall,513
2019,Uncapped,Overall,EB-3,858
2019,Uncapped,Overall,EB-2,417
2019,Uncapped,Overall,EB-4,537
2020,Uncapped,India,Overall,1406
2020,Uncapped,China,Overall,124
2020,Uncapped,Other,Overall,601
2020,Uncapped,Overall,EB-3,837
2020,Uncapped,Overall,EB-2,659
2020,Uncapped,Overall,EB-4,633
2020,Uncapped,Overall,EB-1,2
2021,Uncapped,India,Overall,1563
2021,Uncapped,China,Overall,168
2021,Uncapped,Other,Overall,678
2021,Uncapped,Overall,EB-3,926
2021,Uncapped,Overall,EB-2,776
2021,Uncapped,Overall,EB-4,707
2022,Uncapped,India,Overall,1522
2022,Uncapped,China,Overall,111
2022,Uncapped,Other,Overall,658
2022,Uncapped,Overall,EB-3,897
2022,Uncapped,Overall,EB-2,709
2022,Uncapped,Overall,EB-4,684
2022,Uncapped,Overall,EB-5,1
2023,Uncapped,India,Overall,2138
2023,Uncapped,China,Overall,162
2023,Uncapped,Other,Overall,728
2023,Uncapped,Overall,EB-3,1177
2023,Uncapped,Overall,EB-2,1087
2023,Uncapped,Overall,EB-4,751
2023,Uncapped,Overall,EB-5,13
2024,Uncapped,India,Overall,2526
2024,Uncapped,China,Overall,320
2024,Uncapped,Other,Overall,935
2024,Uncapped,Overall,EB-3,1194
2024,Uncapped,Overall,EB-2,1542
2024,Uncapped,Overall,EB-4,955
2024,Uncapped,Overall,EB-5,90
2025,Uncapped,India,Overall,2319
2025,Uncapped,China,Overall,320
2025,Uncapped,Other,Overall,1073
2025,Uncapped,Overall,EB-3,831
2025,Uncapped,Overall,EB-2,1768
2025,Uncapped,Overall,EB-4,1071
2025,Uncapped,Overall,EB-5,42
2026,Uncapped,India,Overall,2112
2026,Uncapped,China,Overall,385
2026,Uncapped,Other,Overall,1415
2026,Uncapped,Overall,EB-2,2015
2026,Uncapped,Overall,EB-3,621
2026,Uncapped,Overall,EB-4,1267
2026,Uncapped,Overall,EB-5,2
2026,Uncapped,Overall,EB-1,7
2027,Uncapped,India,Overall,2225
2027,Uncapped,China,Overall,416
2027,Uncapped,Other,Overall,1711
2027,Uncapped,Overall,EB-2,2366
2027,Uncapped,Overall,EB-3,604
2027,Uncapped,Overall,EB-4,1369
2027,Uncapped,Overall,EB-5,2
2027,Uncapped,Overall,EB-1,11
2028,Uncapped,India,Overall,2359
2028,Uncapped,China,Overall,479
2028,Uncapped,Other,Overall,2267
2028,Uncapped,Overall,EB-2,2661
2028,Uncapped,Overall,EB-4,1567
2028,Uncapped,Overall,EB-3,861
2028,Uncapped,Overall,EB-5,2
2028,Uncapped,Overall,EB-1,14
2029,Uncapped,India,Overall,2596
2029,Uncapped,China,Overall,544
2029,Uncapped,Other,Overall,2740
2029,Uncapped,Overall,EB-2,3145
2029,Uncapped,Overall,EB-4,1677
2029,Uncapped,Overall,EB-3,1039
2029,Uncapped,Overall,EB-5,6
2029,Uncapped,Overall,EB-1,13
2030,Uncapped,India,Overall,2744
2030,Uncapped,China,Overall,550
2030,Uncapped,Other,Overall,3624
2030,Uncapped,Overall,EB-2,3592
2030,Uncapped,Overall,EB-4,1905
2030,Uncapped,Overall,EB-3,1392
2030,Uncapped,Overall,EB-5,11
2030,Uncapped,Overall,EB-1,18
2031,Uncapped,India,Overall,2855
2031,Uncapped,China,Overall,687
2031,Uncapped,Other,Overall,4255
2031,Uncapped,Overall,EB-2,4066
2031,Uncapped,Overall,EB-4,2005
2031,Uncapped,Overall,EB-3,1701
2031,Uncapped,Overall,EB-5,7
2031,Uncapped,Overall,EB-1,18
2032,Uncapped,India,Overall,3051
2032,Uncapped,China,Overall,718
2032,Uncapped,Other,Overall,5083
2032,Uncapped,Overall,EB-2,4571
2032,Uncapped,Overall,EB-4,2251
2032,Uncapped,Overall,EB-3,1996
2032,Uncapped,Overall,EB-5,11
2032,Uncapped,Overall,EB-1,23
2033,Uncapped,India,Overall,3269
2033,Uncapped,China,Overall,745
2033,Uncapped,Other,Overall,5620
2033,Uncapped,Overall,EB-2,5153
2033,Uncapped,Overall,EB-4,2353
2033,Uncapped,Overall,EB-3,2108
2033,Uncapped,Overall,EB-1,19
2033,Uncapped,Overall,EB-5,1
2034,Uncapped,India,Overall,3552
2034,Uncapped,China,Overall,841
2034,Uncapped,Other,Overall,6283
2034,Uncapped,Overall,EB-2,5996
2034,Uncapped,Overall,EB-4,2440
2034,Uncapped,Overall,EB-3,2215
2034,Uncapped,Overall,EB-1,20
2034,Uncapped,Overall,EB-5,5
2035,Uncapped,India,Overall,3696
2035,Uncapped,China,Overall,836
2035,Uncapped,Other,Overall,6879
2035,Uncapped,Overall,EB-2,6446
2035,Uncapped,Overall,EB-4,2514
2035,Uncapped,Overall,EB-3,2409
2035,Uncapped,Overall,EB-1,36
2035,Uncapped,Overall,EB-5,6
2036,Uncapped,India,Overall,3952
2036,Uncapped,China,Overall,926
2036,Uncapped,Other,Overall,7446
2036,Uncapped,Overall,EB-2,6917
2036,Uncapped,Overall,EB-4,2695
2036,Uncapped,Overall,EB-3,2665
2036,Uncapped,Overall,EB-1,40
2036,Uncapped,Overall,EB-5,7
2037,Uncapped,India,Overall,4225
2037,Uncapped,Other,Overall,7629
2037,Uncapped,China,Overall,942
2037,Uncapped,Overall,EB-2,7461
2037,Uncapped,Overall,EB-4,2630
2037,Uncapped,Overall,EB-3,2659
2037,Uncapped,Overall,EB-1,38
2037,Uncapped,Overall,EB-5,8
2038,Uncapped,India,Overall,4612
2038,Uncapped,Other,Overall,8323
2038,Uncapped,China,Overall,1031
2038,Uncapped,Overall,EB-2,8159
2038,Uncapped,Overall,EB-4,2784
2038,Uncapped,Overall,EB-3,2972
2038,Uncapped,Overall,EB-1,44
2038,Uncapped,Overall,EB-5,7
2039,Uncapped,Other,Overall,8624
2039,Uncapped,India,Overall,4809
2039,Uncapped,China,Overall,1100
2039,Uncapped,Overall,EB-4,2891
2039,Uncapped,Overall,EB-2,8531
2039,Uncapped,Overall,EB-3,3046
2039,Uncapped,Overall,EB-1,62
2039,Uncapped,Overall,EB-5,3
2040,Uncapped,Other,Overall,9029
2040,Uncapped,India,Overall,5136
2040,Uncapped,China,Overall,1142
2040,Uncapped,Overall,EB-4,3126
2040,Uncapped,Overall,EB-2,8865
2040,Uncapped,Overall,EB-3,3232
2040,Uncapped,Overall,EB-1,75
2040,Uncapped,Overall,EB-5,9
2011,Capped,Other,Overall,31
2011,Capped,India,Overall,1
2011,Capped,Overall,EB-3,32
2012,Capped,China,Overall,35
2012,Capped,Other,Overall,72
2012,Capped,India,Overall,46
2012,Capped,Overall,EB-3,151
2012,Capped,Overall,EB-4,2
2013,Capped,India,Overall,132
2013,Capped,China,Overall,55
2013,Capped,Other,Overall,54
2013,Capped,Overall,EB-3,227
2013,Capped,Overall,EB-2,4
2013,Capped,Overall,EB-4,10
2014,Capped,India,Overall,192
2014,Capped,China,Overall,56
2014,Capped,Other,Overall,34
2014,Capped,Overall,EB-3,223
2014,Capped,Overall,EB-2,26
2014,Capped,Overall,EB-4,33
2015,Capped,China,Overall,79
2015,Capped,India,Overall,186
2015,Capped,Other,Overall,79
2015,Capped,Overall,EB-3,187
2015,Capped,Overall,EB-2,76
2015,Capped,Overall,EB-4,81
2016,Capped,China,Overall,231
2016,Capped,India,Overall,344
2016,Capped,Other,Overall,166
2016,Capped,Overall,EB-3,450
2016,Capped,Overall,EB-2,114
2016,Capped,Overall,EB-4,177
2017,Capped,India,Overall,567
2017,Capped,China,Overall,153
2017,Capped,Other,Overall,241
2017,Capped,Overall,EB-3,525
2017,Capped,Overall,EB-2,176
2017,Capped,Overall,EB-4,260
2018,Capped,India,Overall,760
2018,Capped,China,Overall,46
2018,Capped,Other,Overall,369
2018,Capped,Overall,EB-3,520
2018,Capped,Overall,EB-2,261
2018,Capped,Overall,EB-4,394
2019,Capped,India,Overall,1184
2019,Capped,China,Overall,115
2019,Capped,Other,Overall,513
2019,Capped,Overall,EB-3,858
2019,Capped,Overall,EB-2,417
2019,Capped,Overall,EB-4,537
2020,Capped,India,Overall,1406
2020,Capped,China,Overall,124
2020,Capped,Other,Overall,601
2020,Capped,Overall,EB-3,837
2020,Capped,Overall,EB-2,659
2020,Capped,Overall,EB-4,633
2020,Capped,Overall,EB-1,2
2021,Capped,India,Overall,1563
2021,Capped,China,Overall,168
2021,Capped,Other,Overall,678
2021,Capped,Overall,EB-3,926
2021,Capped,Overall,EB-2,776
2021,Capped,Overall,EB-4,707
2022,Capped,India,Overall,1522
2022,Capped,China,Overall,111
2022,Capped,Other,Overall,658
2022,Capped,Overall,EB-3,897
2022,Capped,Overall,EB-2,709
2022,Capped,Overall,EB-4,684
2022,Capped,Overall,EB-5,1
2023,Capped,India,Overall,2138
2023,Capped,China,Overall,162
2023,Capped,Other,Overall,728
2023,Capped,Overall,EB-3,1177
2023,Capped,Overall,EB-2,1087
2023,Capped,Overall,EB-4,751
2023,Capped,Overall,EB-5,13
2024,Capped,India,Overall,2526
2024,Capped,China,Overall,320
2024,Capped,Other,Overall,935
2024,Capped,Overall,EB-3,1194
2024,Capped,Overall,EB-2,1542
2024,Capped,Overall,EB-4,955
2024,Capped,Overall,EB-5,90
2025,Capped,India,Overall,3442
2025,Capped,China,Overall,364
2025,Capped,Other,Overall,1072
2025,Capped,Overall,EB-3,1541
2025,Capped,Overall,EB-2,2140
2025,Capped,Overall,EB-4,1088
2025,Capped,Overall,EB-5,108
2025,Capped,Overall,EB-1,1
2026,Capped,India,Overall,3898
2026,Capped,China,Overall,397
2026,Capped,Other,Overall,1264
2026,Capped,Overall,EB-3,1576
2026,Capped,Overall,EB-2,2642
2026,Capped,Overall,EB-4,1284
2026,Capped,Overall,EB-5,50
2026,Capped,Overall,EB-1,7
2027,Capped,India,Overall,4642
2027,Capped,China,Overall,360
2027,Capped,Other,Overall,1371
2027,Capped,Overall,EB-3,1745
2027,Capped,Overall,EB-2,3257
2027,Capped,Overall,EB-4,1364
2027,Capped,Overall,EB-5,2
2027,Capped,Overall,EB-1,5
2028,Capped,India,Overall,5238
2028,Capped,China,Overall,420
2028,Capped,Other,Overall,1595
2028,Capped,Overall,EB-3,1846
2028,Capped,Overall,EB-2,3812
2028,Capped,Overall,EB-4,1575
2028,Capped,Overall,EB-5,10
2028,Capped,Overall,EB-1,10
2029,Capped,India,Overall,6165
2029,Capped,China,Overall,501
2029,Capped,Other,Overall,1679
2029,Capped,Overall,EB-3,2054
2029,Capped,Overall,EB-2,4632
2029,Capped,Overall,EB-4,1633
2029,Capped,Overall,EB-1,20
2029,Capped,Overall,EB-5,6
2030,Capped,India,Overall,7043
2030,Capped,China,Overall,546
2030,Capped,Other,Overall,1948
2030,Capped,Overall,EB-3,2117
2030,Capped,Overall,EB-2,5476
2030,Capped,Overall,EB-4,1894
2030,Capped,Overall,EB-1,41
2030,Capped,Overall,EB-5,9
2031,Capped,India,Overall,7687
2031,Capped,China,Overall,720
2031,Capped,Other,Overall,2122
2031,Capped,Overall,EB-3,2347
2031,Capped,Overall,EB-2,6087
2031,Capped,Overall,EB-4,2038
2031,Capped,Overall,EB-1,48
2031,Capped,Overall,EB-5,9
2032,Capped,India,Overall,8490
2032,Capped,China,Overall,807
2032,Capped,Other,Overall,2347
2032,Capped,Overall,EB-3,2550
2032,Capped,Overall,EB-2,6797
2032,Capped,Overall,EB-4,2239
2032,Capped,Overall,EB-1,51
2032,Capped,Overall,EB-5,7
2033,Capped,India,Overall,9342
2033,Capped,China,Overall,886
2033,Capped,Other,Overall,2552
2033,Capped,Overall,EB-3,2723
2033,Capped,Overall,EB-2,7584
2033,Capped,Overall,EB-4,2379
2033,Capped,Overall,EB-1,83
2033,Capped,Overall,EB-5,11
2034,Capped,India,Overall,9949
2034,Capped,China,Overall,1038
2034,Capped,Other,Overall,2668
2034,Capped,Overall,EB-3,2921
2034,Capped,Overall,EB-2,8228
2034,Capped,Overall,EB-4,2405
2034,Capped,Overall,EB-1,92
2034,Capped,Overall,EB-5,9
2035,Capped,India,Overall,10918
2035,Capped,China,Overall,1112
2035,Capped,Other,Overall,2788
2035,Capped,Overall,EB-2,8855
2035,Capped,Overall,EB-3,3349
2035,Capped,Overall,EB-4,2473
2035,Capped,Overall,EB-1,129
2035,Capped,Overall,EB-5,12
2036,Capped,India,Overall,11377
2036,Capped,China,Overall,1272
2036,Capped,Other,Overall,3038
2036,Capped,Overall,EB-2,9343
2036,Capped,Overall,EB-3,3491
2036,Capped,Overall,EB-4,2658
2036,Capped,Overall,EB-1,187
2036,Capped,Overall,EB-5,8
2037,Capped,India,Overall,11859
2037,Capped,China,Overall,1396
2037,Capped,Other,Overall,3055
2037,Capped,Overall,EB-2,9673
2037,Capped,Overall,EB-3,3789
2037,Capped,Overall,EB-4,2612
2037,Capped,Overall,EB-1,226
2037,Capped,Overall,EB-5,10
2038,Capped,India,Overall,12042
2038,Capped,China,Overall,1540
2038,Capped,Other,Overall,3277
2038,Capped,Overall,EB-2,9882
2038,Capped,Overall,EB-3,3915
2038,Capped,Overall,EB-4,2782
2038,Capped,Overall,EB-1,262
2038,Capped,Overall,EB-5,18
2039,Capped,India,Overall,12206
2039,Capped,China,Overall,1623
2039,Capped,Other,Overall,3400
2039,Capped,Overall,EB-2,9890
2039,Capped,Overall,EB-3,4119
2039,Capped,Overall,EB-4,2877
2039,Capped,Overall,EB-1,326
2039,Capped,Overall,EB-5,17
2040,Capped,India,Overall,12056
2040,Capped,China,Overall,1707
2040,Capped,Other,Overall,3699
2040,Capped,Overall,EB-2,9702
2040,Capped,Overall,EB-3,4306
2040,Capped,Overall,EB-4,3060
2040,Capped,Overall,EB-1,384
2040,Capped,Overall,EB-5,10
