Year,Scenario,Nationality,EB_Category,Count
2009,Uncapped,India,Overall,2526
2009,Uncapped,China,Overall,1641
2009,Uncapped,ROW,Overall,3859
2009,Uncapped,Overall,EB-2,535
2009,Uncapped,Overall,EB-3,7486
2009,Uncapped,Overall,EB-4,5
2010,Uncapped,India,Overall,2921
2010,Uncapped,China,Overall,1774
2010,Uncapped,ROW,Overall,3744
2010,Uncapped,Overall,EB-2,836
2010,Uncapped,Overall,EB-3,7510
2010,Uncapped,Overall,EB-4,93
2011,Uncapped,India,Overall,3388
2011,Uncapped,China,Overall,1611
2011,Uncapped,ROW,Overall,3634
2011,Uncapped,Overall,EB-2,1221
2011,Uncapped,Overall,EB-3,7022
2011,Uncapped,Overall,EB-4,390
2012,Uncapped,China,Overall,1600
2012,Uncapped,India,Overall,3749
2012,Uncapped,ROW,Overall,3228
2012,Uncapped,Overall,EB-3,6201
2012,Uncapped,Overall,EB-2,1579
2012,Uncapped,Overall,EB-4,797
2013,Uncapped,India,Overall,4063
2013,Uncapped,China,Overall,1573
2013,Uncapped,ROW,Overall,3297
2013,Uncapped,Overall,EB-3,5243
2013,Uncapped,Overall,EB-2,1765
2013,Uncapped,Overall,EB-4,1925
2014,Uncapped,China,Overall,1524
2014,Uncapped,India,Overall,4357
2014,Uncapped,ROW,Overall,3368
2014,Uncapped,Overall,EB-3,4139
2014,Uncapped,Overall,EB-2,2339
2014,Uncapped,Overall,EB-4,2743
2014,Uncapped,Overall,EB-1,8
2014,Uncapped,Overall,EB-5,20
2015,Uncapped,India,Overall,5164
2015,Uncapped,China,Overall,1711
2015,Uncapped,ROW,Overall,4472
2015,Uncapped,Overall,EB-3,3731
2015,Uncapped,Overall,EB-2,3210
2015,Uncapped,Overall,EB-4,4162
2015,Uncapped,Overall,EB-1,82
2015,Uncapped,Overall,EB-5,162
2016,Uncapped,India,Overall,6489
2016,Uncapped,China,Overall,2149
2016,Uncapped,ROW,Overall,6218
2016,Uncapped,Overall,EB-3,4126
2016,Uncapped,Overall,EB-2,4681
2016,Uncapped,Overall,EB-4,5493
2016,Uncapped,Overall,EB-5,305
2016,Uncapped,Overall,EB-1,251
2017,Uncapped,India,Overall,7470
2017,Uncapped,China,Overall,2608
2017,Uncapped,ROW,Overall,7612
2017,Uncapped,Overall,EB-3,4654
2017,Uncapped,Overall,EB-2,5560
2017,Uncapped,Overall,EB-4,6500
2017,Uncapped,Overall,EB-5,502
2017,Uncapped,Overall,EB-1,474
2018,Uncapped,India,Overall,8684
2018,Uncapped,China,Overall,3171
2018,Uncapped,ROW,Overall,8182
2018,Uncapped,Overall,EB-3,5361
2018,Uncapped,Overall,EB-2,6582
2018,Uncapped,Overall,EB-4,6666
2018,Uncapped,Overall,EB-5,775
2018,Uncapped,Overall,EB-1,653
2019,Uncapped,India,Overall,9829
2019,Uncapped,China,Overall,3561
2019,Uncapped,ROW,Overall,9834
2019,Uncapped,Overall,EB-3,5829
2019,Uncapped,Overall,EB-2,8130
2019,Uncapped,Overall,EB-4,7759
2019,Uncapped,Overall,EB-5,834
2019,Uncapped,Overall,EB-1,672
2020,Uncapped,India,Overall,11194
2020,Uncapped,China,Overall,4055
2020,Uncapped,ROW,Overall,11721
2020,Uncapped,Overall,EB-3,6827
2020,Uncapped,Overall,EB-2,9225
2020,Uncapped,Overall,EB-4,9544
2020,Uncapped,Overall,EB-5,884
2020,Uncapped,Overall,EB-1,490
2021,Uncapped,India,Overall,12688
2021,Uncapped,China,Overall,4507
2021,Uncapped,ROW,Overall,13294
2021,Uncapped,Overall,EB-3,8796
2021,Uncapped,Overall,EB-2,10094
2021,Uncapped,Overall,EB-4,10249
2021,Uncapped,Overall,EB-5,992
2021,Uncapped,Overall,EB-1,358
2022,Uncapped,India,Overall,13162
2022,Uncapped,China,Overall,4355
2022,Uncapped,ROW,Overall,14486
2022,Uncapped,Overall,EB-3,8948
2022,Uncapped,Overall,EB-2,10446
2022,Uncapped,Overall,EB-4,11468
2022,Uncapped,Overall,EB-5,826
2022,Uncapped,Overall,EB-1,315
2023,Uncapped,ROW,Overall,18243
2023,Uncapped,India,Overall,14886
2023,Uncapped,China,Overall,4757
2023,Uncapped,Overall,EB-2,12257
2023,Uncapped,Overall,EB-3,10393
2023,Uncapped,Overall,EB-4,14114
2023,Uncapped,Overall,EB-5,681
2023,Uncapped,Overall,EB-1,441
2024,Uncapped,India,Overall,16229
2024,Uncapped,China,Overall,5089
2024,Uncapped,ROW,Overall,22256
2024,Uncapped,Overall,EB-3,11671
2024,Uncapped,Overall,EB-2,13520
2024,Uncapped,Overall,EB-4,17133
2024,Uncapped,Overall,EB-5,653
2024,Uncapped,Overall,EB-1,597
2025,Uncapped,India,Overall,15240
2025,Uncapped,China,Overall,5480
2025,Uncapped,ROW,Overall,28265
2025,Uncapped,Overall,EB-3,12327
2025,Uncapped,Overall,EB-2,15138
2025,Uncapped,Overall,EB-4,20181
2025,Uncapped,Overall,EB-5,520
2025,Uncapped,Overall,EB-1,819
2026,Uncapped,India,Overall,14533
2026,Uncapped,China,Overall,5989
2026,Uncapped,ROW,Overall,34251
2026,Uncapped,Overall,EB-2,16735
2026,Uncapped,Overall,EB-3,13119
2026,Uncapped,Overall,EB-4,23288
2026,Uncapped,Overall,EB-5,536
2026,Uncapped,Overall,EB-1,1095
2027,Uncapped,India,Overall,14784
2027,Uncapped,China,Overall,6114
2027,Uncapped,ROW,Overall,39649
2027,Uncapped,Overall,EB-2,18300
2027,Uncapped,Overall,EB-3,14341
2027,Uncapped,Overall,EB-4,26073
2027,Uncapped,Overall,EB-5,565
2027,Uncapped,Overall,EB-1,1268
2028,Uncapped,India,Overall,14947
2028,Uncapped,China,Overall,6376
2028,Uncapped,ROW,Overall,44197
2028,Uncapped,Overall,EB-2,19846
2028,Uncapped,Overall,EB-4,28226
2028,Uncapped,Overall,EB-3,15469
2028,Uncapped,Overall,EB-5,540
2028,Uncapped,Overall,EB-1,1439
2029,Uncapped,India,Overall,15260
2029,Uncapped,China,Overall,6711
2029,Uncapped,ROW,Overall,48667
2029,Uncapped,Overall,EB-2,21353
2029,Uncapped,Overall,EB-4,30412
2029,Uncapped,Overall,EB-3,16801
2029,Uncapped,Overall,EB-5,556
2029,Uncapped,Overall,EB-1,1516
2030,Uncapped,India,Overall,15448
2030,Uncapped,China,Overall,7068
2030,Uncapped,ROW,Overall,52194
2030,Uncapped,Overall,EB-2,22790
2030,Uncapped,Overall,EB-4,31794
2030,Uncapped,Overall,EB-3,17821
2030,Uncapped,Overall,EB-5,567
2030,Uncapped,Overall,EB-1,1738
2031,Uncapped,ROW,Overall,55922
2031,Uncapped,China,Overall,7297
2031,Uncapped,India,Overall,15671
2031,Uncapped,Overall,EB-3,18719
2031,Uncapped,Overall,EB-4,33479
2031,Uncapped,Overall,EB-5,588
2031,Uncapped,Overall,EB-2,24171
2031,Uncapped,Overall,EB-1,1933
2032,Uncapped,ROW,Overall,59753
2032,Uncapped,China,Overall,7664
2032,Uncapped,India,Overall,16149
2032,Uncapped,Overall,EB-3,19480
2032,Uncapped,Overall,EB-4,35637
2032,Uncapped,Overall,EB-5,527
2032,Uncapped,Overall,EB-1,1987
2032,Uncapped,Overall,EB-2,25935
2033,Uncapped,ROW,Overall,61644
2033,Uncapped,China,Overall,7818
2033,Uncapped,India,Overall,17015
2033,Uncapped,Overall,EB-3,20145
2033,Uncapped,Overall,EB-4,36258
2033,Uncapped,Overall,EB-5,569
2033,Uncapped,Overall,EB-1,2171
2033,Uncapped,Overall,EB-2,27334
2034,Uncapped,ROW,Overall,63857
2034,Uncapped,India,Overall,17488
2034,Uncapped,China,Overall,8142
2034,Uncapped,Overall,EB-3,20750
2034,Uncapped,Overall,EB-4,37333
2034,Uncapped,Overall,EB-5,552
2034,Uncapped,Overall,EB-1,2312
2034,Uncapped,Overall,EB-2,28540
2035,Uncapped,India,Overall,18246
2035,Uncapped,China,Overall,8291
2035,Uncapped,ROW,Overall,66605
2035,Uncapped,Overall,EB-2,30616
2035,Uncapped,Overall,EB-4,38347
2035,Uncapped,Overall,EB-3,21156
2035,Uncapped,Overall,EB-1,2448
2035,Uncapped,Overall,EB-5,575
2036,Uncapped,India,Overall,18825
2036,Uncapped,China,Overall,8535
2036,Uncapped,ROW,Overall,68474
2036,Uncapped,Overall,EB-2,31833
2036,Uncapped,Overall,EB-4,39129
2036,Uncapped,Overall,EB-3,21837
2036,Uncapped,Overall,EB-1,2492
2036,Uncapped,Overall,EB-5,543
2037,Uncapped,India,Overall,19486
2037,Uncapped,ROW,Overall,70935
2037,Uncapped,China,Overall,8720
2037,Uncapped,Overall,EB-2,33127
2037,Uncapped,Overall,EB-4,40425
2037,Uncapped,Overall,EB-3,22291
2037,Uncapped,Overall,EB-1,2728
2037,Uncapped,Overall,EB-5,570
2038,Uncapped,ROW,Overall,72793
2038,Uncapped,India,Overall,20410
2038,Uncapped,China,Overall,8948
2038,Uncapped,Overall,EB-2,34399
2038,Uncapped,Overall,EB-4,41596
2038,Uncapped,Overall,EB-3,22736
2038,Uncapped,Overall,EB-1,2816
2038,Uncapped,Overall,EB-5,604
2039,Uncapped,ROW,Overall,74373
2039,Uncapped,India,Overall,20851
2039,Uncapped,China,Overall,9231
2039,Uncapped,Overall,EB-4,42280
2039,Uncapped,Overall,EB-2,35556
2039,Uncapped,Overall,EB-3,23090
2039,Uncapped,Overall,EB-1,2909
2039,Uncapped,Overall,EB-5,620
2040,Uncapped,ROW,Overall,76371
2040,Uncapped,India,Overall,22075
2040,Uncapped,China,Overall,9436
2040,Uncapped,Overall,EB-4,43410
2040,Uncapped,Overall,EB-2,36977
2040,Uncapped,Overall,EB-3,23744
2040,Uncapped,Overall,EB-1,3136
2040,Uncapped,Overall,EB-5,615
2009,Capped,India,Overall,2526
2009,Capped,China,Overall,1641
2009,Capped,ROW,Overall,3859
2009,Capped,Overall,EB-2,535
2009,Capped,Overall,EB-3,7486
2009,Capped,Overall,EB-4,5
2010,Capped,India,Overall,2921
2010,Capped,China,Overall,1774
2010,Capped,ROW,Overall,3744
2010,Capped,Overall,EB-2,836
2010,Capped,Overall,EB-3,7510
2010,Capped,Overall,EB-4,93
2011,Capped,India,Overall,3388
2011,Capped,China,Overall,1611
2011,Capped,ROW,Overall,3634
2011,Capped,Overall,EB-2,1221
2011,Capped,Overall,EB-3,7022
2011,Capped,Overall,EB-4,390
2012,Capped,China,Overall,1600
2012,Capped,India,Overall,3749
2012,Capped,ROW,Overall,3228
2012,Capped,Overall,EB-3,6201
2012,Capped,Overall,EB-2,1579
2012,Capped,Overall,EB-4,797
2013,Capped,India,Overall,4063
2013,Capped,China,Overall,1573
2013,Capped,ROW,Overall,3297
2013,Capped,Overall,EB-3,5243
2013,Capped,Overall,EB-2,1765
2013,Capped,Overall,EB-4,1925
2014,Capped,China,Overall,1524
2014,Capped,India,Overall,4357
2014,Capped,ROW,Overall,3368
2014,Capped,Overall,EB-3,4139
2014,Capped,Overall,EB-2,2339
2014,Capped,Overall,EB-4,2743
2014,Capped,Overall,EB-1,8
2014,Capped,Overall,EB-5,20
2015,Capped,India,Overall,5164
2015,Capped,China,Overall,1711
2015,Capped,ROW,Overall,4472
2015,Capped,Overall,EB-3,3731
2015,Capped,Overall,EB-2,3210
2015,Capped,Overall,EB-4,4162
2015,Capped,Overall,EB-1,82
2015,Capped,Overall,EB-5,162
2016,Capped,India,Overall,6489
2016,Capped,China,Overall,2149
2016,Capped,ROW,Overall,6218
2016,Capped,Overall,EB-3,4126
2016,Capped,Overall,EB-2,4681
2016,Capped,Overall,EB-4,5493
2016,Capped,Overall,EB-5,305
2016,Capped,Overall,EB-1,251
2017,Capped,India,Overall,7470
2017,Capped,China,Overall,2608
2017,Capped,ROW,Overall,7612
2017,Capped,Overall,EB-3,4654
2017,Capped,Overall,EB-2,5560
2017,Capped,Overall,EB-4,6500
2017,Capped,Overall,EB-5,502
2017,Capped,Overall,EB-1,474
2018,Capped,India,Overall,8684
2018,Capped,China,Overall,3171
2018,Capped,ROW,Overall,8182
2018,Capped,Overall,EB-3,5361
2018,Capped,Overall,EB-2,6582
2018,Capped,Overall,EB-4,6666
2018,Capped,Overall,EB-5,775
2018,Capped,Overall,EB-1,653
2019,Capped,India,Overall,9829
2019,Capped,China,Overall,3561
2019,Capped,ROW,Overall,9834
2019,Capped,Overall,EB-3,5829
2019,Capped,Overall,EB-2,8130
2019,Capped,Overall,EB-4,7759
2019,Capped,Overall,EB-5,834
2019,Capped,Overall,EB-1,672
2020,Capped,India,Overall,11194
2020,Capped,China,Overall,4055
2020,Capped,ROW,Overall,11721
2020,Capped,Overall,EB-3,6827
2020,Capped,Overall,EB-2,9225
2020,Capped,Overall,EB-4,9544
2020,Capped,Overall,EB-5,884
2020,Capped,Overall,EB-1,490
2021,Capped,India,Overall,12688
2021,Capped,China,Overall,4507
2021,Capped,ROW,Overall,13294
2021,Capped,Overall,EB-3,8796
2021,Capped,Overall,EB-2,10094
2021,Capped,Overall,EB-4,10249
2021,Capped,Overall,EB-5,992
2021,Capped,Overall,EB-1,358
2022,Capped,India,Overall,13162
2022,Capped,China,Overall,4355
2022,Capped,ROW,Overall,14486
2022,Capped,Overall,EB-3,8948
2022,Capped,Overall,EB-2,10446
2022,Capped,Overall,EB-4,11468
2022,Capped,Overall,EB-5,826
2022,Capped,Overall,EB-1,315
2023,Capped,ROW,Overall,18243
2023,Capped,India,Overall,14886
2023,Capped,China,Overall,4757
2023,Capped,Overall,EB-2,12257
2023,Capped,Overall,EB-3,10393
2023,Capped,Overall,EB-4,14114
2023,Capped,Overall,EB-5,681
2023,Capped,Overall,EB-1,441
2024,Capped,India,Overall,16229
2024,Capped,China,Overall,5089
2024,Capped,ROW,Overall,22256
2024,Capped,Overall,EB-3,11671
2024,Capped,Overall,EB-2,13520
2024,Capped,Overall,EB-4,17133
2024,Capped,Overall,EB-5,653
2024,Capped,Overall,EB-1,597
2025,Capped,India,Overall,17994
2025,Capped,China,Overall,5562
2025,Capped,ROW,Overall,26220
2025,Capped,Overall,EB-3,13133
2025,Capped,Overall,EB-2,15092
2025,Capped,Overall,EB-4,20270
2025,Capped,Overall,EB-5,613
2025,Capped,Overall,EB-1,668
2026,Capped,India,Overall,19606
2026,Capped,China,Overall,5887
2026,Capped,ROW,Overall,29945
2026,Capped,Overall,EB-3,14092
2026,Capped,Overall,EB-2,16758
2026,Capped,Overall,EB-4,23222
2026,Capped,Overall,EB-5,552
2026,Capped,Overall,EB-1,814
2027,Capped,India,Overall,21282
2027,Capped,China,Overall,6500
2027,Capped,ROW,Overall,33632
2027,Capped,Overall,EB-3,15117
2027,Capped,Overall,EB-2,18665
2027,Capped,Overall,EB-4,26137
2027,Capped,Overall,EB-5,518
2027,Capped,Overall,EB-1,977
2028,Capped,India,Overall,23287
2028,Capped,China,Overall,6896
2028,Capped,ROW,Overall,36412
2028,Capped,Overall,EB-3,16115
2028,Capped,Overall,EB-2,20560
2028,Capped,Overall,EB-4,28279
2028,Capped,Overall,EB-5,508
2028,Capped,Overall,EB-1,1133
2029,Capped,India,Overall,25320
2029,Capped,China,Overall,7245
2029,Capped,ROW,Overall,39223
2029,Capped,Overall,EB-3,16934
2029,Capped,Overall,EB-2,22858
2029,Capped,Overall,EB-4,30241
2029,Capped,Overall,EB-1,1267
2029,Capped,Overall,EB-5,488
2030,Capped,India,Overall,27744
2030,Capped,China,Overall,7554
2030,Capped,ROW,Overall,41572
2030,Capped,Overall,EB-3,18138
2030,Capped,Overall,EB-2,25176
2030,Capped,Overall,EB-4,31735
2030,Capped,Overall,EB-1,1294
2030,Capped,Overall,EB-5,527
2031,Capped,China,Overall,7926
2031,Capped,ROW,Overall,44028
2031,Capped,India,Overall,29615
2031,Capped,Overall,EB-3,18453
2031,Capped,Overall,EB-4,33750
2031,Capped,Overall,EB-5,550
2031,Capped,Overall,EB-2,27294
2031,Capped,Overall,EB-1,1522
2032,Capped,ROW,Overall,46375
2032,Capped,China,Overall,8370
2032,Capped,India,Overall,31677
2032,Capped,Overall,EB-3,19276
2032,Capped,Overall,EB-4,35378
2032,Capped,Overall,EB-5,540
2032,Capped,Overall,EB-1,1664
2032,Capped,Overall,EB-2,29564
2033,Capped,ROW,Overall,47921
2033,Capped,China,Overall,9120
2033,Capped,India,Overall,33802
2033,Capped,Overall,EB-3,20103
2033,Capped,Overall,EB-4,36526
2033,Capped,Overall,EB-5,521
2033,Capped,Overall,EB-1,1809
2033,Capped,Overall,EB-2,31884
2034,Capped,ROW,Overall,48882
2034,Capped,China,Overall,9311
2034,Capped,India,Overall,36061
2034,Capped,Overall,EB-3,21172
2034,Capped,Overall,EB-4,36847
2034,Capped,Overall,EB-5,538
2034,Capped,Overall,EB-1,1981
2034,Capped,Overall,EB-2,33716
2035,Capped,India,Overall,38552
2035,Capped,China,Overall,9899
2035,Capped,ROW,Overall,51017
2035,Capped,Overall,EB-2,36330
2035,Capped,Overall,EB-3,22060
2035,Capped,Overall,EB-4,38524
2035,Capped,Overall,EB-1,2030
2035,Capped,Overall,EB-5,524
2036,Capped,India,Overall,40871
2036,Capped,China,Overall,9936
2036,Capped,ROW,Overall,52214
2036,Capped,Overall,EB-2,37989
2036,Capped,Overall,EB-3,22944
2036,Capped,Overall,EB-4,39336
2036,Capped,Overall,EB-1,2184
2036,Capped,Overall,EB-5,568
2037,Capped,India,Overall,42684
2037,Capped,China,Overall,10572
2037,Capped,ROW,Overall,53975
2037,Capped,Overall,EB-2,39869
2037,Capped,Overall,EB-3,23915
2037,Capped,Overall,EB-4,40508
2037,Capped,Overall,EB-1,2360
2037,Capped,Overall,EB-5,579
2038,Capped,India,Overall,44642
2038,Capped,China,Overall,10992
2038,Capped,ROW,Overall,55121
2038,Capped,Overall,EB-2,41808
2038,Capped,Overall,EB-3,24543
2038,Capped,Overall,EB-4,41338
2038,Capped,Overall,EB-1,2505
2038,Capped,Overall,EB-5,561
2039,Capped,India,Overall,45898
2039,Capped,China,Overall,11366
2039,Capped,ROW,Overall,56384
2039,Capped,Overall,EB-2,42902
2039,Capped,Overall,EB-3,25317
2039,Capped,Overall,EB-4,42271
2039,Capped,Overall,EB-1,2589
2039,Capped,Overall,EB-5,569
2040,Capped,India,Overall,47562
2040,Capped,China,Overall,11982
2040,Capped,ROW,Overall,58055
2040,Capped,Overall,EB-2,44425
2040,Capped,Overall,EB-3,26443
2040,Capped,Overall,EB-4,43409
2040,Capped,Overall,EB-1,2725
2040,Capped,Overall,EB-5,597
