Scenario,Entry_Year,Nationality,EB_Category,Total_Created,Aged_Out,Saved,Exited,Still_Dependent,AgeOut_Pct,Save_Pct,Exit_Pct
Uncapped,2009,China,EB-1,660,0,660,0,0,0.00,100.00,0.00
Uncapped,2009,China,EB-2,2642,0,2529,113,0,0.00,95.72,4.28
Uncapped,2009,China,EB-3,10057,730,6264,3063,0,7.26,62.28,30.46
Uncapped,2009,China,EB-4,11,0,11,0,0,0.00,100.00,0.00
Uncapped,2009,China,EB-5,330,0,330,0,0,0.00,100.00,0.00
Uncapped,2009,India,EB-1,1291,0,1291,0,0,0.00,100.00,0.00
Uncapped,2009,India,EB-2,7621,1,7440,180,0,0.01,97.62,2.36
Uncapped,2009,India,EB-3,39120,4995,21149,12976,0,12.77,54.06,33.17
Uncapped,2009,India,EB-4,162,0,162,0,0,0.00,100.00,0.00
Uncapped,2009,India,EB-5,13,0,13,0,0,0.00,100.00,0.00
Uncapped,2009,ROW,EB-1,7992,0,7992,0,0,0.00,100.00,0.00
Uncapped,2009,ROW,EB-2,8109,0,8109,0,0,0.00,100.00,0.00
Uncapped,2009,ROW,EB-3,43378,98,38917,4363,0,0.23,89.72,10.06
Uncapped,2009,ROW,EB-4,2678,0,2675,3,0,0.00,99.89,0.11
Uncapped,2009,ROW,EB-5,600,0,600,0,0,0.00,100.00,0.00
Uncapped,2010,China,EB-1,784,0,784,0,0,0.00,100.00,0.00
Uncapped,2010,China,EB-2,731,0,661,70,0,0.00,90.42,9.58
Uncapped,2010,China,EB-3,228,30,93,105,0,13.16,40.79,46.05
Uncapped,2010,China,EB-5,301,0,301,0,0,0.00,100.00,0.00
Uncapped,2010,India,EB-1,1470,0,1470,0,0,0.00,100.00,0.00
Uncapped,2010,India,EB-2,7157,7,6710,440,0,0.10,93.75,6.15
Uncapped,2010,India,EB-3,3029,615,1150,1264,0,20.30,37.97,41.73
Uncapped,2010,India,EB-4,198,0,198,0,0,0.00,100.00,0.00
Uncapped,2010,India,EB-5,27,0,27,0,0,0.00,100.00,0.00
Uncapped,2010,ROW,EB-1,7549,0,7549,0,0,0.00,100.00,0.00
Uncapped,2010,ROW,EB-2,9104,0,9092,12,0,0.00,99.87,0.13
Uncapped,2010,ROW,EB-3,5995,47,4819,1129,0,0.78,80.38,18.83
Uncapped,2010,ROW,EB-4,3422,0,3370,52,0,0.00,98.48,1.52
Uncapped,2010,ROW,EB-5,581,0,581,0,0,0.00,100.00,0.00
Uncapped,2011,China,EB-1,735,0,735,0,0,0.00,100.00,0.00
Uncapped,2011,China,EB-2,850,3,740,107,0,0.35,87.06,12.59
Uncapped,2011,China,EB-3,170,27,83,60,0,15.88,48.82,35.29
Uncapped,2011,China,EB-4,11,0,10,1,0,0.00,90.91,9.09
Uncapped,2011,China,EB-5,583,0,583,0,0,0.00,100.00,0.00
Uncapped,2011,India,EB-1,1605,0,1605,0,0,0.00,100.00,0.00
Uncapped,2011,India,EB-2,10498,456,7983,2059,0,4.34,76.04,19.61
Uncapped,2011,India,EB-3,3113,523,1400,1190,0,16.80,44.97,38.23
Uncapped,2011,India,EB-4,198,0,187,11,0,0.00,94.44,5.56
Uncapped,2011,India,EB-5,11,0,11,0,0,0.00,100.00,0.00
Uncapped,2011,ROW,EB-1,5605,0,5605,0,0,0.00,100.00,0.00
Uncapped,2011,ROW,EB-2,9789,0,9727,62,0,0.00,99.37,0.63
Uncapped,2011,ROW,EB-3,4526,10,3868,648,0,0.22,85.46,14.32
Uncapped,2011,ROW,EB-4,4062,2,3729,331,0,0.05,91.80,8.15
Uncapped,2011,ROW,EB-5,374,0,374,0,0,0.00,100.00,0.00
Uncapped,2012,China,EB-1,876,0,876,0,0,0.00,100.00,0.00
Uncapped,2012,China,EB-2,785,12,666,107,0,1.53,84.84,13.63
Uncapped,2012,China,EB-3,113,9,54,50,0,7.96,47.79,44.25
Uncapped,2012,China,EB-4,14,0,11,3,0,0.00,78.57,21.43
Uncapped,2012,China,EB-5,1539,0,1539,0,0,0.00,100.00,0.00
Uncapped,2012,India,EB-1,1918,0,1918,0,0,0.00,100.00,0.00
Uncapped,2012,India,EB-2,10384,613,7675,2096,0,5.90,73.91,20.18
Uncapped,2012,India,EB-3,1907,238,961,708,0,12.48,50.39,37.13
Uncapped,2012,India,EB-4,396,4,340,52,0,1.01,85.86,13.13
Uncapped,2012,India,EB-5,27,0,27,0,0,0.00,100.00,0.00
Uncapped,2012,ROW,EB-1,5585,0,5585,0,0,0.00,100.00,0.00
Uncapped,2012,ROW,EB-2,8964,0,8902,62,0,0.00,99.31,0.69
Uncapped,2012,ROW,EB-3,2451,3,2126,322,0,0.12,86.74,13.14
Uncapped,2012,ROW,EB-4,5805,18,4811,976,0,0.31,82.88,16.81
Uncapped,2012,ROW,EB-5,545,0,545,0,0,0.00,100.00,0.00
Uncapped,2013,China,EB-1,968,0,968,0,0,0.00,100.00,0.00
Uncapped,2013,China,EB-2,701,7,567,127,0,1.00,80.88,18.12
Uncapped,2013,China,EB-3,129,11,69,49,0,8.53,53.49,37.98
Uncapped,2013,China,EB-4,32,0,24,8,0,0.00,75.00,25.00
Uncapped,2013,China,EB-5,1598,0,1598,0,0,0.00,100.00,0.00
Uncapped,2013,India,EB-1,2376,0,2376,0,0,0.00,100.00,0.00
Uncapped,2013,India,EB-2,9906,636,7203,2067,0,6.42,72.71,20.87
Uncapped,2013,India,EB-3,1573,190,919,464,0,12.08,58.42,29.50
Uncapped,2013,India,EB-4,704,13,585,106,0,1.85,83.10,15.06
Uncapped,2013,India,EB-5,27,0,27,0,0,0.00,100.00,0.00
Uncapped,2013,ROW,EB-1,6498,0,6498,0,0,0.00,100.00,0.00
Uncapped,2013,ROW,EB-2,7601,0,7601,0,0,0.00,100.00,0.00
Uncapped,2013,ROW,EB-3,2150,0,1949,201,0,0.00,90.65,9.35
Uncapped,2013,ROW,EB-4,11069,225,7628,3216,0,2.03,68.91,29.05
Uncapped,2013,ROW,EB-5,594,0,594,0,0,0.00,100.00,0.00
Uncapped,2014,China,EB-1,1153,0,1153,0,0,0.00,100.00,0.00
Uncapped,2014,China,EB-2,813,13,622,178,0,1.60,76.51,21.89
Uncapped,2014,China,EB-3,1362,118,740,504,0,8.66,54.33,37.00
Uncapped,2014,China,EB-4,31,0,30,1,0,0.00,96.77,3.23
Uncapped,2014,China,EB-5,2222,0,2211,11,0,0.00,99.50,0.50
Uncapped,2014,India,EB-1,3407,0,3403,4,0,0.00,99.88,0.12
Uncapped,2014,India,EB-2,11746,991,7792,2963,0,8.44,66.34,25.23
Uncapped,2014,India,EB-3,1822,150,1167,505,0,8.23,64.05,27.72
Uncapped,2014,India,EB-4,523,18,338,167,0,3.44,64.63,31.93
Uncapped,2014,India,EB-5,92,0,92,0,0,0.00,100.00,0.00
Uncapped,2014,ROW,EB-1,6274,0,6274,0,0,0.00,100.00,0.00
Uncapped,2014,ROW,EB-2,9303,0,9294,9,0,0.00,99.90,0.10
Uncapped,2014,ROW,EB-3,2741,0,2610,131,0,0.00,95.22,4.78
Uncapped,2014,ROW,EB-4,9337,431,5303,3603,0,4.62,56.80,38.59
Uncapped,2014,ROW,EB-5,755,0,755,0,0,0.00,100.00,0.00
Uncapped,2015,China,EB-1,1268,0,1260,8,0,0.00,99.37,0.63
Uncapped,2015,China,EB-2,1135,19,878,238,0,1.67,77.36,20.97
Uncapped,2015,China,EB-3,444,49,249,146,0,11.04,56.08,32.88
Uncapped,2015,China,EB-4,61,0,61,0,0,0.00,100.00,0.00
Uncapped,2015,China,EB-5,3488,0,3292,196,0,0.00,94.38,5.62
Uncapped,2015,India,EB-1,3207,0,3178,29,0,0.00,99.10,0.90
Uncapped,2015,India,EB-2,14764,1275,9818,3671,0,8.64,66.50,24.86
Uncapped,2015,India,EB-3,2937,188,1938,811,0,6.40,65.99,27.61
Uncapped,2015,India,EB-4,1082,66,652,364,0,6.10,60.26,33.64
Uncapped,2015,India,EB-5,234,0,232,2,0,0.00,99.15,0.85
Uncapped,2015,ROW,EB-1,7416,0,7416,0,0,0.00,100.00,0.00
Uncapped,2015,ROW,EB-2,9937,0,9876,61,0,0.00,99.39,0.61
Uncapped,2015,ROW,EB-3,4397,0,4222,175,0,0.00,96.02,3.98
Uncapped,2015,ROW,EB-4,12848,843,6407,5598,0,6.56,49.87,43.57
Uncapped,2015,ROW,EB-5,1523,0,1523,0,0,0.00,100.00,0.00
Uncapped,2016,China,EB-1,1417,0,1372,45,0,0.00,96.82,3.18
Uncapped,2016,China,EB-2,1520,48,1132,340,0,3.16,74.47,22.37
Uncapped,2016,China,EB-3,1097,109,533,455,0,9.94,48.59,41.48
Uncapped,2016,China,EB-4,69,0,69,0,0,0.00,100.00,0.00
Uncapped,2016,China,EB-5,2906,0,2403,503,0,0.00,82.69,17.31
Uncapped,2016,India,EB-1,3979,0,3910,69,0,0.00,98.27,1.73
Uncapped,2016,India,EB-2,22549,2111,14596,5842,0,9.36,64.73,25.91
Uncapped,2016,India,EB-3,4683,260,3211,1212,0,5.55,68.57,25.88
Uncapped,2016,India,EB-4,697,43,367,287,0,6.17,52.65,41.18
Uncapped,2016,India,EB-5,294,0,290,4,0,0.00,98.64,1.36
Uncapped,2016,ROW,EB-1,8367,0,8322,45,0,0.00,99.46,0.54
Uncapped,2016,ROW,EB-2,12227,0,12011,216,0,0.00,98.23,1.77
Uncapped,2016,ROW,EB-3,8356,0,8161,195,0,0.00,97.67,2.33
Uncapped,2016,ROW,EB-4,12195,1066,5259,5870,0,8.74,43.12,48.13
Uncapped,2016,ROW,EB-5,1434,0,1434,0,0,0.00,100.00,0.00
Uncapped,2017,China,EB-1,1509,0,1458,51,0,0.00,96.62,3.38
Uncapped,2017,China,EB-2,1259,197,692,370,0,15.65,54.96,29.39
Uncapped,2017,China,EB-3,1495,130,771,594,0,8.70,51.57,39.73
Uncapped,2017,China,EB-4,26,0,26,0,0,0.00,100.00,0.00
Uncapped,2017,China,EB-5,4120,9,3276,835,0,0.22,79.51,20.27
Uncapped,2017,India,EB-1,4495,0,4378,117,0,0.00,97.40,2.60
Uncapped,2017,India,EB-2,19249,2140,11792,5317,0,11.12,61.26,27.62
Uncapped,2017,India,EB-3,3954,160,2829,965,0,4.05,71.55,24.41
Uncapped,2017,India,EB-4,493,24,296,173,0,4.87,60.04,35.09
Uncapped,2017,India,EB-5,568,0,538,30,0,0.00,94.72,5.28
Uncapped,2017,ROW,EB-1,8640,0,8507,133,0,0.00,98.46,1.54
Uncapped,2017,ROW,EB-2,10328,0,10057,271,0,0.00,97.38,2.62
Uncapped,2017,ROW,EB-3,8486,0,8238,248,0,0.00,97.08,2.92
Uncapped,2017,ROW,EB-4,8059,888,2994,4177,0,11.02,37.15,51.83
Uncapped,2017,ROW,EB-5,2063,0,2063,0,0,0.00,100.00,0.00
Uncapped,2018,China,EB-1,1366,0,1270,96,0,0.00,92.97,7.03
Uncapped,2018,China,EB-2,1723,357,784,582,0,20.72,45.50,33.78
Uncapped,2018,China,EB-3,1327,124,668,535,0,9.34,50.34,40.32
Uncapped,2018,China,EB-4,42,0,42,0,0,0.00,100.00,0.00
Uncapped,2018,China,EB-5,4877,77,3680,1120,0,1.58,75.46,22.96
Uncapped,2018,India,EB-1,3950,1,3760,189,0,0.03,95.19,4.78
Uncapped,2018,India,EB-2,18177,2305,10510,5362,0,12.68,57.82,29.50
Uncapped,2018,India,EB-3,3692,130,2713,849,0,3.52,73.48,23.00
Uncapped,2018,India,EB-4,378,30,192,156,0,7.94,50.79,41.27
Uncapped,2018,India,EB-5,853,4,778,71,0,0.47,91.21,8.32
Uncapped,2018,ROW,EB-1,7231,0,7052,179,0,0.00,97.52,2.48
Uncapped,2018,ROW,EB-2,10387,0,10033,354,0,0.00,96.59,3.41
Uncapped,2018,ROW,EB-3,10293,0,9911,382,0,0.00,96.29,3.71
Uncapped,2018,ROW,EB-4,6243,749,2156,3338,0,12.00,34.53,53.47
Uncapped,2018,ROW,EB-5,2655,0,2655,0,0,0.00,100.00,0.00
Uncapped,2019,China,EB-1,1124,0,1052,72,0,0.00,93.59,6.41
Uncapped,2019,China,EB-2,2141,437,1009,695,0,20.41,47.13,32.46
Uncapped,2019,China,EB-3,1242,105,716,421,0,8.45,57.65,33.90
Uncapped,2019,China,EB-4,47,0,47,0,0,0.00,100.00,0.00
Uncapped,2019,China,EB-5,1300,25,936,339,0,1.92,72.00,26.08
Uncapped,2019,India,EB-1,3537,0,3409,128,0,0.00,96.38,3.62
Uncapped,2019,India,EB-2,20287,2941,11261,6085,0,14.50,55.51,29.99
Uncapped,2019,India,EB-3,5036,137,3825,1074,0,2.72,75.95,21.33
Uncapped,2019,India,EB-4,505,68,183,254,0,13.47,36.24,50.30
Uncapped,2019,India,EB-5,253,3,228,22,0,1.19,90.12,8.70
Uncapped,2019,ROW,EB-1,5720,0,5597,123,0,0.00,97.85,2.15
Uncapped,2019,ROW,EB-2,10835,2,10422,411,0,0.02,96.19,3.79
Uncapped,2019,ROW,EB-3,12196,0,11419,777,0,0.00,93.63,6.37
Uncapped,2019,ROW,EB-4,8650,1149,2715,4786,0,13.28,31.39,55.33
Uncapped,2019,ROW,EB-5,796,0,796,0,0,0.00,100.00,0.00
Uncapped,2020,China,EB-1,897,0,853,44,0,0.00,95.09,4.91
Uncapped,2020,China,EB-2,2118,482,909,727,0,22.76,42.92,34.32
Uncapped,2020,China,EB-3,1507,102,904,501,0,6.77,59.99,33.24
Uncapped,2020,China,EB-4,23,0,23,0,0,0.00,100.00,0.00
Uncapped,2020,China,EB-5,850,0,676,174,0,0.00,79.53,20.47
Uncapped,2020,India,EB-1,3139,0,3070,69,0,0.00,97.80,2.20
Uncapped,2020,India,EB-2,16656,2612,8732,5312,0,15.68,52.43,31.89
Uncapped,2020,India,EB-3,4160,93,3266,801,0,2.24,78.51,19.25
Uncapped,2020,India,EB-4,547,98,158,291,0,17.92,28.88,53.20
Uncapped,2020,India,EB-5,190,4,168,18,0,2.11,88.42,9.47
Uncapped,2020,ROW,EB-1,5418,0,5418,0,0,0.00,100.00,0.00
Uncapped,2020,ROW,EB-2,9952,4,9339,609,0,0.04,93.84,6.12
Uncapped,2020,ROW,EB-3,11273,0,10358,915,0,0.00,91.88,8.12
Uncapped,2020,ROW,EB-4,8455,1331,2079,5045,0,15.74,24.59,59.67
Uncapped,2020,ROW,EB-5,500,0,500,0,0,0.00,100.00,0.00
Uncapped,2021,China,EB-1,970,0,929,41,0,0.00,95.77,4.23
Uncapped,2021,China,EB-2,1936,426,857,653,0,22.00,44.27,33.73
Uncapped,2021,China,EB-3,3317,252,1893,1172,0,7.60,57.07,35.33
Uncapped,2021,China,EB-4,9,0,9,0,0,0.00,100.00,0.00
Uncapped,2021,China,EB-5,765,0,629,136,0,0.00,82.22,17.78
Uncapped,2021,India,EB-1,3844,0,3755,89,0,0.00,97.68,2.32
Uncapped,2021,India,EB-2,17643,2834,9074,5735,0,16.06,51.43,32.51
Uncapped,2021,India,EB-3,22134,589,16874,4671,0,2.66,76.24,21.10
Uncapped,2021,India,EB-4,446,90,102,254,0,20.18,22.87,56.95
Uncapped,2021,India,EB-5,231,5,192,34,0,2.16,83.12,14.72
Uncapped,2021,ROW,EB-1,5041,0,5041,0,0,0.00,100.00,0.00
Uncapped,2021,ROW,EB-2,10572,5,9895,672,0,0.05,93.60,6.36
Uncapped,2021,ROW,EB-3,11271,0,10468,803,0,0.00,92.88,7.12
Uncapped,2021,ROW,EB-4,9935,1857,1968,6110,0,18.69,19.81,61.50
Uncapped,2021,ROW,EB-5,559,0,556,3,0,0.00,99.46,0.54
Uncapped,2022,China,EB-1,1331,0,1280,51,0,0.00,96.17,3.83
Uncapped,2022,China,EB-2,2129,564,795,770,0,26.49,37.34,36.17
Uncapped,2022,China,EB-3,1301,127,693,481,0,9.76,53.27,36.97
Uncapped,2022,China,EB-4,43,0,43,0,0,0.00,100.00,0.00
Uncapped,2022,China,EB-5,189,0,173,16,0,0.00,91.53,8.47
Uncapped,2022,India,EB-1,4337,0,4219,118,0,0.00,97.28,2.72
Uncapped,2022,India,EB-2,21408,3915,9968,7525,0,18.29,46.56,35.15
Uncapped,2022,India,EB-3,7678,211,5770,1697,0,2.75,75.15,22.10
Uncapped,2022,India,EB-4,1078,242,209,627,0,22.45,19.39,58.16
Uncapped,2022,India,EB-5,60,0,56,4,0,0.00,93.33,6.67
Uncapped,2022,ROW,EB-1,6274,0,6274,0,0,0.00,100.00,0.00
Uncapped,2022,ROW,EB-2,12879,3,12162,714,0,0.02,94.43,5.54
Uncapped,2022,ROW,EB-3,14739,0,13640,1099,0,0.00,92.54,7.46
Uncapped,2022,ROW,EB-4,15871,3199,2591,10081,0,20.16,16.33,63.52
Uncapped,2022,ROW,EB-5,142,0,142,0,0,0.00,100.00,0.00
Uncapped,2023,China,EB-1,2151,0,2059,92,0,0.00,95.72,4.28
Uncapped,2023,China,EB-2,2582,718,919,945,0,27.81,35.59,36.60
Uncapped,2023,China,EB-3,1063,104,567,392,0,9.78,53.34,36.88
Uncapped,2023,China,EB-4,22,0,22,0,0,0.00,100.00,0.00
Uncapped,2023,China,EB-5,651,0,562,89,0,0.00,86.33,13.67
Uncapped,2023,India,EB-1,5771,0,5625,146,0,0.00,97.47,2.53
Uncapped,2023,India,EB-2,18315,3870,7802,6643,0,21.13,42.60,36.27
Uncapped,2023,India,EB-3,5829,177,4310,1342,0,3.04,73.94,23.02
Uncapped,2023,India,EB-4,1152,296,166,690,0,25.69,14.41,59.90
Uncapped,2023,India,EB-5,230,0,216,14,0,0.00,93.91,6.09
Uncapped,2023,ROW,EB-1,8285,0,8285,0,0,0.00,100.00,0.00
Uncapped,2023,ROW,EB-2,16357,2682,7820,5855,0,16.40,47.81,35.80
Uncapped,2023,ROW,EB-3,18930,1550,11153,6227,0,8.19,58.92,32.89
Uncapped,2023,ROW,EB-4,10734,2575,1120,7039,0,23.99,10.43,65.58
Uncapped,2023,ROW,EB-5,528,0,528,0,0,0.00,100.00,0.00
Uncapped,2024,China,EB-1,1891,0,1812,79,0,0.00,95.82,4.18
Uncapped,2024,China,EB-2,2549,779,847,923,0,30.56,33.23,36.21
Uncapped,2024,China,EB-3,2326,209,1204,913,0,8.99,51.76,39.25
Uncapped,2024,China,EB-4,37,0,37,0,0,0.00,100.00,0.00
Uncapped,2024,China,EB-5,1564,0,1426,138,0,0.00,91.18,8.82
Uncapped,2024,India,EB-1,4740,0,4613,127,0,0.00,97.32,2.68
Uncapped,2024,India,EB-2,18087,4212,6809,7066,0,23.29,37.65,39.07
Uncapped,2024,India,EB-3,4812,168,3493,1151,0,3.49,72.59,23.92
Uncapped,2024,India,EB-4,931,277,31,574,49,29.75,3.33,61.65
Uncapped,2024,India,EB-5,679,0,630,49,0,0.00,92.78,7.22
Uncapped,2024,ROW,EB-1,8031,0,8031,0,0,0.00,100.00,0.00
Uncapped,2024,ROW,EB-2,12929,3487,2646,6796,0,26.97,20.47,52.56
Uncapped,2024,ROW,EB-3,17108,1787,8704,6617,0,10.45,50.88,38.68
Uncapped,2024,ROW,EB-4,11047,2861,239,7510,437,25.90,2.16,67.98
Uncapped,2024,ROW,EB-5,1247,0,1247,0,0,0.00,100.00,0.00
Uncapped,2025,China,EB-1,1920,0,1864,56,0,0.00,97.08,2.92
Uncapped,2025,China,EB-2,2568,832,98,958,680,32.40,3.82,37.31
Uncapped,2025,China,EB-3,2318,204,1161,953,0,8.80,50.09,41.11
Uncapped,2025,China,EB-4,39,12,0,25,2,30.77,0.00,64.10
Uncapped,2025,China,EB-5,1609,0,1443,166,0,0.00,89.68,10.32
Uncapped,2025,India,EB-1,4685,0,4562,123,0,0.00,97.37,2.63
Uncapped,2025,India,EB-2,18215,4494,834,7235,5652,24.67,4.58,39.72
Uncapped,2025,India,EB-3,4700,191,3292,1217,0,4.06,70.04,25.89
Uncapped,2025,India,EB-4,959,281,0,589,89,29.30,0.00,61.42
Uncapped,2025,India,EB-5,692,0,636,56,0,0.00,91.91,8.09
Uncapped,2025,ROW,EB-1,7895,8,7502,385,0,0.10,95.02,4.88
Uncapped,2025,ROW,EB-2,13030,3555,326,6896,2253,27.28,2.50,52.92
Uncapped,2025,ROW,EB-3,17208,1909,8193,7106,0,11.09,47.61,41.29
Uncapped,2025,ROW,EB-4,11070,2665,0,7539,866,24.07,0.00,68.10
Uncapped,2025,ROW,EB-5,1193,2,990,201,0,0.17,82.98,16.85
Uncapped,2026,China,EB-1,1835,0,1760,75,0,0.00,95.91,4.09
Uncapped,2026,China,EB-2,2686,768,0,934,984,28.59,0.00,34.77
Uncapped,2026,China,EB-3,2332,260,1148,924,0,11.15,49.23,39.62
Uncapped,2026,China,EB-4,47,14,0,27,6,29.79,0.00,57.45
Uncapped,2026,China,EB-5,1514,0,1372,142,0,0.00,90.62,9.38
Uncapped,2026,India,EB-1,4571,0,4445,126,0,0.00,97.24,2.76
Uncapped,2026,India,EB-2,18409,3869,0,6744,7796,21.02,0.00,36.63
Uncapped,2026,India,EB-3,4680,277,3121,1282,0,5.92,66.69,27.39
Uncapped,2026,India,EB-4,998,273,0,591,134,27.35,0.00,59.22
Uncapped,2026,India,EB-5,720,0,673,47,0,0.00,93.47,6.53
Uncapped,2026,ROW,EB-1,8164,8,7691,465,0,0.10,94.21,5.70
Uncapped,2026,ROW,EB-2,12821,3240,0,6555,3026,25.27,0.00,51.13
Uncapped,2026,ROW,EB-3,17105,2037,7954,7114,0,11.91,46.50,41.59
Uncapped,2026,ROW,EB-4,10965,2503,0,7250,1212,22.83,0.00,66.12
Uncapped,2026,ROW,EB-5,1282,2,1100,180,0,0.16,85.80,14.04
Uncapped,2027,China,EB-1,1917,0,1829,88,0,0.00,95.41,4.59
Uncapped,2027,China,EB-2,2611,626,0,956,1029,23.98,0.00,36.61
Uncapped,2027,China,EB-3,2309,285,1080,944,0,12.34,46.77,40.88
Uncapped,2027,China,EB-4,66,14,0,49,3,21.21,0.00,74.24
Uncapped,2027,China,EB-5,1529,0,1390,139,0,0.00,90.91,9.09
Uncapped,2027,India,EB-1,4587,0,4445,142,0,0.00,96.90,3.10
Uncapped,2027,India,EB-2,18509,3272,0,6165,9072,17.68,0.00,33.31
Uncapped,2027,India,EB-3,4756,307,3146,1303,0,6.46,66.15,27.40
Uncapped,2027,India,EB-4,966,244,0,574,148,25.26,0.00,59.42
Uncapped,2027,India,EB-5,718,0,675,43,0,0.00,94.01,5.99
Uncapped,2027,ROW,EB-1,8299,17,7663,619,0,0.20,92.34,7.46
Uncapped,2027,ROW,EB-2,13151,3031,0,6334,3786,23.05,0.00,48.16
Uncapped,2027,ROW,EB-3,17415,2281,7845,7289,0,13.10,45.05,41.85
Uncapped,2027,ROW,EB-4,10915,2361,0,7109,1445,21.63,0.00,65.13
Uncapped,2027,ROW,EB-5,1318,3,1117,198,0,0.23,84.75,15.02
Uncapped,2028,China,EB-1,1856,0,1764,92,0,0.00,95.04,4.96
Uncapped,2028,China,EB-2,2523,531,0,862,1130,21.05,0.00,34.17
Uncapped,2028,China,EB-3,2393,312,1081,1000,0,13.04,45.17,41.79
Uncapped,2028,China,EB-4,49,12,0,26,11,24.49,0.00,53.06
Uncapped,2028,China,EB-5,1568,0,1424,144,0,0.00,90.82,9.18
Uncapped,2028,India,EB-1,4536,1,4354,181,0,0.02,95.99,3.99
Uncapped,2028,India,EB-2,18117,2579,0,5445,10093,14.24,0.00,30.05
Uncapped,2028,India,EB-3,4750,299,3134,1317,0,6.29,65.98,27.73
Uncapped,2028,India,EB-4,940,213,0,576,151,22.66,0.00,61.28
Uncapped,2028,India,EB-5,664,0,604,60,0,0.00,90.96,9.04
Uncapped,2028,ROW,EB-1,8143,13,7455,675,0,0.16,91.55,8.29
Uncapped,2028,ROW,EB-2,12900,2555,0,5872,4473,19.81,0.00,45.52
Uncapped,2028,ROW,EB-3,17071,2410,7186,7475,0,14.12,42.09,43.79
Uncapped,2028,ROW,EB-4,11202,2208,0,7065,1929,19.71,0.00,63.07
Uncapped,2028,ROW,EB-5,1261,5,1111,145,0,0.40,88.10,11.50
Uncapped,2029,China,EB-1,1846,0,1742,104,0,0.00,94.37,5.63
Uncapped,2029,China,EB-2,2596,456,0,798,1342,17.57,0.00,30.74
Uncapped,2029,China,EB-3,2311,315,286,939,771,13.63,12.38,40.63
Uncapped,2029,China,EB-4,55,10,0,37,8,18.18,0.00,67.27
Uncapped,2029,China,EB-5,1546,0,1395,151,0,0.00,90.23,9.77
Uncapped,2029,India,EB-1,4599,1,4407,191,0,0.02,95.83,4.15
Uncapped,2029,India,EB-2,18302,1948,0,5034,11320,10.64,0.00,27.51
Uncapped,2029,India,EB-3,4735,360,820,1364,2191,7.60,17.32,28.81
Uncapped,2029,India,EB-4,878,196,0,448,234,22.32,0.00,51.03
Uncapped,2029,India,EB-5,709,0,660,49,0,0.00,93.09,6.91
Uncapped,2029,ROW,EB-1,8316,24,7531,761,0,0.29,90.56,9.15
Uncapped,2029,ROW,EB-2,12975,2190,0,5525,5260,16.88,0.00,42.58
Uncapped,2029,ROW,EB-3,17147,2644,2023,7484,4996,15.42,11.80,43.65
Uncapped,2029,ROW,EB-4,11057,1950,0,6659,2448,17.64,0.00,60.22
Uncapped,2029,ROW,EB-5,1237,7,1023,207,0,0.57,82.70,16.73
Uncapped,2030,China,EB-1,1887,0,1752,135,0,0.00,92.85,7.15
Uncapped,2030,China,EB-2,2550,350,0,751,1449,13.73,0.00,29.45
Uncapped,2030,China,EB-3,2305,302,0,910,1093,13.10,0.00,39.48
Uncapped,2030,China,EB-4,55,11,0,36,8,20.00,0.00,65.45
Uncapped,2030,China,EB-5,1535,0,1375,160,0,0.00,89.58,10.42
Uncapped,2030,India,EB-1,4717,2,4511,204,0,0.04,95.63,4.32
Uncapped,2030,India,EB-2,18239,1479,0,4336,12424,8.11,0.00,23.77
Uncapped,2030,India,EB-3,4750,298,0,1281,3171,6.27,0.00,26.97
Uncapped,2030,India,EB-4,937,158,0,500,279,16.86,0.00,53.36
Uncapped,2030,India,EB-5,713,0,671,42,0,0.00,94.11,5.89
Uncapped,2030,ROW,EB-1,8225,19,7432,774,0,0.23,90.36,9.41
Uncapped,2030,ROW,EB-2,12705,1749,0,5072,5884,13.77,0.00,39.92
Uncapped,2030,ROW,EB-3,17095,2177,0,7372,7546,12.73,0.00,43.12
Uncapped,2030,ROW,EB-4,11006,1779,0,6445,2782,16.16,0.00,58.56
Uncapped,2030,ROW,EB-5,1215,2,1031,182,0,0.16,84.86,14.98
Uncapped,2031,China,EB-1,1925,0,1784,141,0,0.00,92.68,7.32
Uncapped,2031,China,EB-2,2537,241,0,694,1602,9.50,0.00,27.36
Uncapped,2031,China,EB-3,2432,266,0,894,1272,10.94,0.00,36.76
Uncapped,2031,China,EB-4,45,3,0,37,5,6.67,0.00,82.22
Uncapped,2031,China,EB-5,1527,0,1389,138,0,0.00,90.96,9.04
Uncapped,2031,India,EB-1,4615,6,4374,235,0,0.13,94.78,5.09
Uncapped,2031,India,EB-2,18364,1042,0,3880,13442,5.67,0.00,21.13
Uncapped,2031,India,EB-3,4589,203,0,1135,3251,4.42,0.00,24.73
Uncapped,2031,India,EB-4,882,122,0,458,302,13.83,0.00,51.93
Uncapped,2031,India,EB-5,691,0,637,54,0,0.00,92.19,7.81
Uncapped,2031,ROW,EB-1,8104,20,7258,826,0,0.25,89.56,10.19
Uncapped,2031,ROW,EB-2,12933,1475,0,4729,6729,11.40,0.00,36.57
Uncapped,2031,ROW,EB-3,17036,1864,0,6833,8339,10.94,0.00,40.11
Uncapped,2031,ROW,EB-4,10933,1501,0,6112,3320,13.73,0.00,55.90
Uncapped,2031,ROW,EB-5,1258,7,1057,194,0,0.56,84.02,15.42
Uncapped,2032,China,EB-1,1785,0,1664,121,0,0.00,93.22,6.78
Uncapped,2032,China,EB-2,2623,258,0,670,1695,9.84,0.00,25.54
Uncapped,2032,China,EB-3,2186,182,0,790,1214,8.33,0.00,36.14
Uncapped,2032,China,EB-4,50,2,0,23,25,4.00,0.00,46.00
Uncapped,2032,China,EB-5,1559,0,1406,153,0,0.00,90.19,9.81
Uncapped,2032,India,EB-1,4665,11,4386,268,0,0.24,94.02,5.74
Uncapped,2032,India,EB-2,18272,711,0,3293,14268,3.89,0.00,18.02
Uncapped,2032,India,EB-3,4668,135,0,994,3539,2.89,0.00,21.29
Uncapped,2032,India,EB-4,857,124,0,373,360,14.47,0.00,43.52
Uncapped,2032,India,EB-5,712,0,662,50,0,0.00,92.98,7.02
Uncapped,2032,ROW,EB-1,8109,20,7164,925,0,0.25,88.35,11.41
Uncapped,2032,ROW,EB-2,12903,1153,0,4408,7342,8.94,0.00,34.16
Uncapped,2032,ROW,EB-3,16910,1432,0,6234,9244,8.47,0.00,36.87
Uncapped,2032,ROW,EB-4,10966,1358,0,5645,3963,12.38,0.00,51.48
Uncapped,2032,ROW,EB-5,1282,5,1096,181,0,0.39,85.49,14.12
Uncapped,2033,China,EB-1,1821,0,1672,149,0,0.00,91.82,8.18
Uncapped,2033,China,EB-2,2676,143,0,589,1944,5.34,0.00,22.01
Uncapped,2033,China,EB-3,2247,151,0,690,1406,6.72,0.00,30.71
Uncapped,2033,China,EB-4,50,7,0,23,20,14.00,0.00,46.00
Uncapped,2033,China,EB-5,1554,0,1422,132,0,0.00,91.51,8.49
Uncapped,2033,India,EB-1,4630,9,4327,294,0,0.19,93.46,6.35
Uncapped,2033,India,EB-2,18348,432,0,2992,14924,2.35,0.00,16.31
Uncapped,2033,India,EB-3,4749,87,0,999,3663,1.83,0.00,21.04
Uncapped,2033,India,EB-4,848,98,0,372,378,11.56,0.00,43.87
Uncapped,2033,India,EB-5,754,0,701,53,0,0.00,92.97,7.03
Uncapped,2033,ROW,EB-1,8283,56,7237,990,0,0.68,87.37,11.95
Uncapped,2033,ROW,EB-2,12992,811,0,3907,8274,6.24,0.00,30.07
Uncapped,2033,ROW,EB-3,17081,1085,0,5716,10280,6.35,0.00,33.46
Uncapped,2033,ROW,EB-4,11022,1012,0,5462,4548,9.18,0.00,49.56
Uncapped,2033,ROW,EB-5,1379,2,1179,198,0,0.15,85.50,14.36
Uncapped,2034,China,EB-1,1932,0,1761,171,0,0.00,91.15,8.85
Uncapped,2034,China,EB-2,2621,83,0,593,1945,3.17,0.00,22.62
Uncapped,2034,China,EB-3,2327,81,0,690,1556,3.48,0.00,29.65
Uncapped,2034,China,EB-4,55,3,0,32,20,5.45,0.00,58.18
Uncapped,2034,China,EB-5,1543,0,1394,149,0,0.00,90.34,9.66
Uncapped,2034,India,EB-1,4669,11,4353,305,0,0.24,93.23,6.53
Uncapped,2034,India,EB-2,18261,280,0,2529,15452,1.53,0.00,13.85
Uncapped,2034,India,EB-3,4638,55,0,825,3758,1.19,0.00,17.79
Uncapped,2034,India,EB-4,970,86,0,419,465,8.87,0.00,43.20
Uncapped,2034,India,EB-5,720,0,663,57,0,0.00,92.08,7.92
Uncapped,2034,ROW,EB-1,8222,34,7150,1038,0,0.41,86.96,12.62
Uncapped,2034,ROW,EB-2,12886,618,0,3442,8826,4.80,0.00,26.71
Uncapped,2034,ROW,EB-3,17174,704,0,5334,11136,4.10,0.00,31.06
Uncapped,2034,ROW,EB-4,11064,825,0,4985,5254,7.46,0.00,45.06
Uncapped,2034,ROW,EB-5,1149,3,954,192,0,0.26,83.03,16.71
Uncapped,2035,China,EB-1,1864,0,1697,167,0,0.00,91.04,8.96
Uncapped,2035,China,EB-2,2424,27,0,431,1966,1.11,0.00,17.78
Uncapped,2035,China,EB-3,2259,42,0,616,1601,1.86,0.00,27.27
Uncapped,2035,China,EB-4,34,0,0,14,20,0.00,0.00,41.18
Uncapped,2035,China,EB-5,1578,0,1437,141,0,0.00,91.06,8.94
Uncapped,2035,India,EB-1,4665,13,4354,298,0,0.28,93.33,6.39
Uncapped,2035,India,EB-2,18407,166,0,2418,15823,0.90,0.00,13.14
Uncapped,2035,India,EB-3,4548,45,0,712,3791,0.99,0.00,15.66
Uncapped,2035,India,EB-4,900,50,0,326,524,5.56,0.00,36.22
Uncapped,2035,India,EB-5,676,0,632,44,0,0.00,93.49,6.51
Uncapped,2035,ROW,EB-1,8360,35,7205,1120,0,0.42,86.18,13.40
Uncapped,2035,ROW,EB-2,12828,363,0,3040,9425,2.83,0.00,23.70
Uncapped,2035,ROW,EB-3,17302,487,0,4722,12093,2.81,0.00,27.29
Uncapped,2035,ROW,EB-4,11047,618,0,4600,5829,5.59,0.00,41.64
Uncapped,2035,ROW,EB-5,1299,6,1093,200,0,0.46,84.14,15.40
Uncapped,2036,China,EB-1,1932,6,1505,149,272,0.31,77.90,7.71
Uncapped,2036,China,EB-2,2539,18,0,409,2112,0.71,0.00,16.11
Uncapped,2036,China,EB-3,2323,21,0,534,1768,0.90,0.00,22.99
Uncapped,2036,China,EB-4,51,1,0,14,36,1.96,0.00,27.45
Uncapped,2036,China,EB-5,1529,0,1372,157,0,0.00,89.73,10.27
Uncapped,2036,India,EB-1,4773,23,3777,318,655,0.48,79.13,6.66
Uncapped,2036,India,EB-2,18421,106,0,1933,16382,0.58,0.00,10.49
Uncapped,2036,India,EB-3,4639,19,0,634,3986,0.41,0.00,13.67
Uncapped,2036,India,EB-4,945,30,0,327,588,3.17,0.00,34.60
Uncapped,2036,India,EB-5,631,0,587,44,0,0.00,93.03,6.97
Uncapped,2036,ROW,EB-1,8061,50,5815,1114,1082,0.62,72.14,13.82
Uncapped,2036,ROW,EB-2,12786,183,0,2459,10144,1.43,0.00,19.23
Uncapped,2036,ROW,EB-3,17133,232,0,3954,12947,1.35,0.00,23.08
Uncapped,2036,ROW,EB-4,11072,383,0,3977,6712,3.46,0.00,35.92
Uncapped,2036,ROW,EB-5,1262,5,1084,173,0,0.40,85.90,13.71
Uncapped,2037,China,EB-1,1869,0,0,147,1722,0.00,0.00,7.87
Uncapped,2037,China,EB-2,2580,6,0,344,2230,0.23,0.00,13.33
Uncapped,2037,China,EB-3,2313,12,0,438,1863,0.52,0.00,18.94
Uncapped,2037,China,EB-4,44,0,0,16,28,0.00,0.00,36.36
Uncapped,2037,China,EB-5,1508,0,1012,170,326,0.00,67.11,11.27
Uncapped,2037,India,EB-1,4698,14,0,328,4356,0.30,0.00,6.98
Uncapped,2037,India,EB-2,18366,34,0,1503,16829,0.19,0.00,8.18
Uncapped,2037,India,EB-3,4682,5,0,543,4134,0.11,0.00,11.60
Uncapped,2037,India,EB-4,903,10,0,242,651,1.11,0.00,26.80
Uncapped,2037,India,EB-5,732,0,490,57,185,0.00,66.94,7.79
Uncapped,2037,ROW,EB-1,8057,35,0,1091,6931,0.43,0.00,13.54
Uncapped,2037,ROW,EB-2,12409,71,0,2086,10252,0.57,0.00,16.81
Uncapped,2037,ROW,EB-3,16855,157,0,3141,13557,0.93,0.00,18.64
Uncapped,2037,ROW,EB-4,10917,211,0,3312,7394,1.93,0.00,30.34
Uncapped,2037,ROW,EB-5,1206,8,772,170,256,0.66,64.01,14.10
Uncapped,2038,China,EB-1,1950,0,0,149,1801,0.00,0.00,7.64
Uncapped,2038,China,EB-2,2472,0,0,251,2221,0.00,0.00,10.15
Uncapped,2038,China,EB-3,2361,0,0,337,2024,0.00,0.00,14.27
Uncapped,2038,China,EB-4,57,0,0,23,34,0.00,0.00,40.35
Uncapped,2038,China,EB-5,1532,0,0,142,1390,0.00,0.00,9.27
Uncapped,2038,India,EB-1,4806,4,0,258,4544,0.08,0.00,5.37
Uncapped,2038,India,EB-2,18367,5,0,1172,17190,0.03,0.00,6.38
Uncapped,2038,India,EB-3,4585,0,0,401,4184,0.00,0.00,8.75
Uncapped,2038,India,EB-4,960,8,0,184,768,0.83,0.00,19.17
Uncapped,2038,India,EB-5,704,0,0,47,657,0.00,0.00,6.68
Uncapped,2038,ROW,EB-1,8176,26,0,907,7243,0.32,0.00,11.09
Uncapped,2038,ROW,EB-2,13107,38,0,1547,11522,0.29,0.00,11.80
Uncapped,2038,ROW,EB-3,17255,32,0,2521,14702,0.19,0.00,14.61
Uncapped,2038,ROW,EB-4,11127,89,0,2541,8497,0.80,0.00,22.84
Uncapped,2038,ROW,EB-5,1280,5,0,189,1086,0.39,0.00,14.77
Uncapped,2039,China,EB-1,1866,0,0,97,1769,0.00,0.00,5.20
Uncapped,2039,China,EB-2,2500,0,0,152,2348,0.00,0.00,6.08
Uncapped,2039,China,EB-3,2398,0,0,220,2178,0.00,0.00,9.17
Uncapped,2039,China,EB-4,62,0,0,4,58,0.00,0.00,6.45
Uncapped,2039,China,EB-5,1614,0,0,121,1493,0.00,0.00,7.50
Uncapped,2039,India,EB-1,4742,0,0,152,4590,0.00,0.00,3.21
Uncapped,2039,India,EB-2,18271,0,0,719,17552,0.00,0.00,3.94
Uncapped,2039,India,EB-3,4801,0,0,247,4554,0.00,0.00,5.14
Uncapped,2039,India,EB-4,932,1,0,127,804,0.11,0.00,13.63
Uncapped,2039,India,EB-5,715,0,0,25,690,0.00,0.00,3.50
Uncapped,2039,ROW,EB-1,8210,10,0,611,7589,0.12,0.00,7.44
Uncapped,2039,ROW,EB-2,13406,15,0,1077,12314,0.11,0.00,8.03
Uncapped,2039,ROW,EB-3,16891,0,0,1703,15188,0.00,0.00,10.08
Uncapped,2039,ROW,EB-4,10872,29,0,1707,9136,0.27,0.00,15.70
Uncapped,2039,ROW,EB-5,1214,2,0,107,1105,0.16,0.00,8.81
Uncapped,2040,China,EB-1,1872,0,0,44,1828,0.00,0.00,2.35
Uncapped,2040,China,EB-2,2577,0,0,82,2495,0.00,0.00,3.18
Uncapped,2040,China,EB-3,2363,0,0,104,2259,0.00,0.00,4.40
Uncapped,2040,China,EB-4,59,0,0,2,57,0.00,0.00,3.39
Uncapped,2040,China,EB-5,1559,0,0,47,1512,0.00,0.00,3.01
Uncapped,2040,India,EB-1,4529,0,0,66,4463,0.00,0.00,1.46
Uncapped,2040,India,EB-2,18169,0,0,371,17798,0.00,0.00,2.04
Uncapped,2040,India,EB-3,4564,0,0,145,4419,0.00,0.00,3.18
Uncapped,2040,India,EB-4,898,0,0,64,834,0.00,0.00,7.13
Uncapped,2040,India,EB-5,696,0,0,15,681,0.00,0.00,2.16
Uncapped,2040,ROW,EB-1,8160,0,0,256,7904,0.00,0.00,3.14
Uncapped,2040,ROW,EB-2,13381,0,0,555,12826,0.00,0.00,4.15
Uncapped,2040,ROW,EB-3,17393,0,0,882,16511,0.00,0.00,5.07
Uncapped,2040,ROW,EB-4,10988,0,0,776,10212,0.00,0.00,7.06
Uncapped,2040,ROW,EB-5,1229,0,0,40,1189,0.00,0.00,3.25
Capped,2009,China,EB-1,660,0,660,0,0,0.00,100.00,0.00
Capped,2009,China,EB-2,2642,0,2529,113,0,0.00,95.72,4.28
Capped,2009,China,EB-3,10057,730,6264,3063,0,7.26,62.28,30.46
Capped,2009,China,EB-4,11,0,11,0,0,0.00,100.00,0.00
Capped,2009,China,EB-5,330,0,330,0,0,0.00,100.00,0.00
Capped,2009,India,EB-1,1291,0,1291,0,0,0.00,100.00,0.00
Capped,2009,India,EB-2,7621,1,7440,180,0,0.01,97.62,2.36
Capped,2009,India,EB-3,39120,7979,16109,15032,0,20.40,41.18,38.43
Capped,2009,India,EB-4,162,0,162,0,0,0.00,100.00,0.00
Capped,2009,India,EB-5,13,0,13,0,0,0.00,100.00,0.00
Capped,2009,ROW,EB-1,7992,0,7992,0,0,0.00,100.00,0.00
Capped,2009,ROW,EB-2,8109,0,8109,0,0,0.00,100.00,0.00
Capped,2009,ROW,EB-3,43378,98,38917,4363,0,0.23,89.72,10.06
Capped,2009,ROW,EB-4,2678,0,2675,3,0,0.00,99.89,0.11
Capped,2009,ROW,EB-5,600,0,600,0,0,0.00,100.00,0.00
Capped,2010,China,EB-1,784,0,784,0,0,0.00,100.00,0.00
Capped,2010,China,EB-2,731,0,661,70,0,0.00,90.42,9.58
Capped,2010,China,EB-3,228,30,93,105,0,13.16,40.79,46.05
Capped,2010,China,EB-5,301,0,301,0,0,0.00,100.00,0.00
Capped,2010,India,EB-1,1470,0,1470,0,0,0.00,100.00,0.00
Capped,2010,India,EB-2,7157,7,6710,440,0,0.10,93.75,6.15
Capped,2010,India,EB-3,3029,1339,0,1690,0,44.21,0.00,55.79
Capped,2010,India,EB-4,198,0,198,0,0,0.00,100.00,0.00
Capped,2010,India,EB-5,27,0,27,0,0,0.00,100.00,0.00
Capped,2010,ROW,EB-1,7549,0,7549,0,0,0.00,100.00,0.00
Capped,2010,ROW,EB-2,9104,0,9092,12,0,0.00,99.87,0.13
Capped,2010,ROW,EB-3,5995,47,4819,1129,0,0.78,80.38,18.83
Capped,2010,ROW,EB-4,3422,0,3370,52,0,0.00,98.48,1.52
Capped,2010,ROW,EB-5,581,0,581,0,0,0.00,100.00,0.00
Capped,2011,China,EB-1,735,0,735,0,0,0.00,100.00,0.00
Capped,2011,China,EB-2,850,3,740,107,0,0.35,87.06,12.59
Capped,2011,China,EB-3,170,27,83,60,0,15.88,48.82,35.29
Capped,2011,China,EB-4,11,0,10,1,0,0.00,90.91,9.09
Capped,2011,China,EB-5,583,0,583,0,0,0.00,100.00,0.00
Capped,2011,India,EB-1,1605,0,1605,0,0,0.00,100.00,0.00
Capped,2011,India,EB-2,10498,456,7983,2059,0,4.34,76.04,19.61
Capped,2011,India,EB-3,3113,1337,0,1776,0,42.95,0.00,57.05
Capped,2011,India,EB-4,198,0,187,11,0,0.00,94.44,5.56
Capped,2011,India,EB-5,11,0,11,0,0,0.00,100.00,0.00
Capped,2011,ROW,EB-1,5605,0,5605,0,0,0.00,100.00,0.00
Capped,2011,ROW,EB-2,9789,0,9727,62,0,0.00,99.37,0.63
Capped,2011,ROW,EB-3,4526,10,3868,648,0,0.22,85.46,14.32
Capped,2011,ROW,EB-4,4062,2,3729,331,0,0.05,91.80,8.15
Capped,2011,ROW,EB-5,374,0,374,0,0,0.00,100.00,0.00
Capped,2012,China,EB-1,876,0,876,0,0,0.00,100.00,0.00
Capped,2012,China,EB-2,785,12,666,107,0,1.53,84.84,13.63
Capped,2012,China,EB-3,113,9,54,50,0,7.96,47.79,44.25
Capped,2012,China,EB-4,14,0,11,3,0,0.00,78.57,21.43
Capped,2012,China,EB-5,1539,0,1539,0,0,0.00,100.00,0.00
Capped,2012,India,EB-1,1918,0,1918,0,0,0.00,100.00,0.00
Capped,2012,India,EB-2,10384,613,7675,2096,0,5.90,73.91,20.18
Capped,2012,India,EB-3,1907,791,0,1116,0,41.48,0.00,58.52
Capped,2012,India,EB-4,396,4,340,52,0,1.01,85.86,13.13
Capped,2012,India,EB-5,27,0,27,0,0,0.00,100.00,0.00
Capped,2012,ROW,EB-1,5585,0,5585,0,0,0.00,100.00,0.00
Capped,2012,ROW,EB-2,8964,0,8902,62,0,0.00,99.31,0.69
Capped,2012,ROW,EB-3,2451,3,2126,322,0,0.12,86.74,13.14
Capped,2012,ROW,EB-4,5805,18,4811,976,0,0.31,82.88,16.81
Capped,2012,ROW,EB-5,545,0,545,0,0,0.00,100.00,0.00
Capped,2013,China,EB-1,968,0,968,0,0,0.00,100.00,0.00
Capped,2013,China,EB-2,701,7,567,127,0,1.00,80.88,18.12
Capped,2013,China,EB-3,129,11,69,49,0,8.53,53.49,37.98
Capped,2013,China,EB-4,32,0,24,8,0,0.00,75.00,25.00
Capped,2013,China,EB-5,1598,0,1598,0,0,0.00,100.00,0.00
Capped,2013,India,EB-1,2376,0,2376,0,0,0.00,100.00,0.00
Capped,2013,India,EB-2,9906,702,7064,2140,0,7.09,71.31,21.60
Capped,2013,India,EB-3,1573,691,35,847,0,43.93,2.23,53.85
Capped,2013,India,EB-4,704,13,585,106,0,1.85,83.10,15.06
Capped,2013,India,EB-5,27,0,27,0,0,0.00,100.00,0.00
Capped,2013,ROW,EB-1,6498,0,6498,0,0,0.00,100.00,0.00
Capped,2013,ROW,EB-2,7601,0,7601,0,0,0.00,100.00,0.00
Capped,2013,ROW,EB-3,2150,0,1949,201,0,0.00,90.65,9.35
Capped,2013,ROW,EB-4,11069,225,7628,3216,0,2.03,68.91,29.05
Capped,2013,ROW,EB-5,594,0,594,0,0,0.00,100.00,0.00
Capped,2014,China,EB-1,1153,0,1153,0,0,0.00,100.00,0.00
Capped,2014,China,EB-2,813,13,622,178,0,1.60,76.51,21.89
Capped,2014,China,EB-3,1362,118,740,504,0,8.66,54.33,37.00
Capped,2014,China,EB-4,31,0,30,1,0,0.00,96.77,3.23
Capped,2014,China,EB-5,2222,0,2211,11,0,0.00,99.50,0.50
Capped,2014,India,EB-1,3407,0,3403,4,0,0.00,99.88,0.12
Capped,2014,India,EB-2,11746,3498,3059,5189,0,29.78,26.04,44.18
Capped,2014,India,EB-3,1822,734,67,1021,0,40.29,3.68,56.04
Capped,2014,India,EB-4,523,18,338,167,0,3.44,64.63,31.93
Capped,2014,India,EB-5,92,0,92,0,0,0.00,100.00,0.00
Capped,2014,ROW,EB-1,6274,0,6274,0,0,0.00,100.00,0.00
Capped,2014,ROW,EB-2,9303,0,9294,9,0,0.00,99.90,0.10
Capped,2014,ROW,EB-3,2741,0,2610,131,0,0.00,95.22,4.78
Capped,2014,ROW,EB-4,9337,431,5303,3603,0,4.62,56.80,38.59
Capped,2014,ROW,EB-5,755,0,755,0,0,0.00,100.00,0.00
Capped,2015,China,EB-1,1268,0,1260,8,0,0.00,99.37,0.63
Capped,2015,China,EB-2,1135,19,878,238,0,1.67,77.36,20.97
Capped,2015,China,EB-3,444,49,249,146,0,11.04,56.08,32.88
Capped,2015,China,EB-4,61,0,61,0,0,0.00,100.00,0.00
Capped,2015,China,EB-5,3488,0,3292,196,0,0.00,94.38,5.62
Capped,2015,India,EB-1,3207,0,3178,29,0,0.00,99.10,0.90
Capped,2015,India,EB-2,14764,6552,327,7885,0,44.38,2.21,53.41
Capped,2015,India,EB-3,2937,1178,152,1607,0,40.11,5.18,54.72
Capped,2015,India,EB-4,1082,66,652,364,0,6.10,60.26,33.64
Capped,2015,India,EB-5,234,0,232,2,0,0.00,99.15,0.85
Capped,2015,ROW,EB-1,7416,0,7416,0,0,0.00,100.00,0.00
Capped,2015,ROW,EB-2,9937,0,9876,61,0,0.00,99.39,0.61
Capped,2015,ROW,EB-3,4397,0,4222,175,0,0.00,96.02,3.98
Capped,2015,ROW,EB-4,12848,843,6407,5598,0,6.56,49.87,43.57
Capped,2015,ROW,EB-5,1523,0,1523,0,0,0.00,100.00,0.00
Capped,2016,China,EB-1,1417,0,1372,45,0,0.00,96.82,3.18
Capped,2016,China,EB-2,1520,48,1132,340,0,3.16,74.47,22.37
Capped,2016,China,EB-3,1097,86,603,408,0,7.84,54.97,37.19
Capped,2016,China,EB-4,69,0,69,0,0,0.00,100.00,0.00
Capped,2016,China,EB-5,2906,0,2403,503,0,0.00,82.69,17.31
Capped,2016,India,EB-1,3979,0,3910,69,0,0.00,98.27,1.73
Capped,2016,India,EB-2,22549,10494,0,12055,0,46.54,0.00,53.46
Capped,2016,India,EB-3,4683,1971,156,2556,0,42.09,3.33,54.58
Capped,2016,India,EB-4,697,43,367,287,0,6.17,52.65,41.18
Capped,2016,India,EB-5,294,0,290,4,0,0.00,98.64,1.36
Capped,2016,ROW,EB-1,8367,0,8322,45,0,0.00,99.46,0.54
Capped,2016,ROW,EB-2,12227,0,12011,216,0,0.00,98.23,1.77
Capped,2016,ROW,EB-3,8356,0,8161,195,0,0.00,97.67,2.33
Capped,2016,ROW,EB-4,12195,1066,5259,5870,0,8.74,43.12,48.13
Capped,2016,ROW,EB-5,1434,0,1434,0,0,0.00,100.00,0.00
Capped,2017,China,EB-1,1509,0,1458,51,0,0.00,96.62,3.38
Capped,2017,China,EB-2,1259,94,887,278,0,7.47,70.45,22.08
Capped,2017,China,EB-3,1495,131,807,557,0,8.76,53.98,37.26
Capped,2017,China,EB-4,26,0,26,0,0,0.00,100.00,0.00
Capped,2017,China,EB-5,4120,9,3276,835,0,0.22,79.51,20.27
Capped,2017,India,EB-1,4495,0,4378,117,0,0.00,97.40,2.60
Capped,2017,India,EB-2,19249,8991,0,10258,0,46.71,0.00,53.29
Capped,2017,India,EB-3,3954,1666,87,2201,0,42.13,2.20,55.67
Capped,2017,India,EB-4,493,24,296,173,0,4.87,60.04,35.09
Capped,2017,India,EB-5,568,0,538,30,0,0.00,94.72,5.28
Capped,2017,ROW,EB-1,8640,0,8507,133,0,0.00,98.46,1.54
Capped,2017,ROW,EB-2,10328,0,10057,271,0,0.00,97.38,2.62
Capped,2017,ROW,EB-3,8486,0,8238,248,0,0.00,97.08,2.92
Capped,2017,ROW,EB-4,8059,896,2927,4236,0,11.12,36.32,52.56
Capped,2017,ROW,EB-5,2063,0,2063,0,0,0.00,100.00,0.00
Capped,2018,China,EB-1,1366,0,1270,96,0,0.00,92.97,7.03
Capped,2018,China,EB-2,1723,231,1016,476,0,13.41,58.97,27.63
Capped,2018,China,EB-3,1327,127,645,555,0,9.57,48.61,41.82
Capped,2018,China,EB-4,42,0,42,0,0,0.00,100.00,0.00
Capped,2018,China,EB-5,4877,119,3577,1181,0,2.44,73.34,24.22
Capped,2018,India,EB-1,3950,1,3760,189,0,0.03,95.19,4.78
Capped,2018,India,EB-2,18177,8406,0,9771,0,46.25,0.00,53.75
Capped,2018,India,EB-3,3692,1560,51,2081,0,42.25,1.38,56.37
Capped,2018,India,EB-4,378,22,214,142,0,5.82,56.61,37.57
Capped,2018,India,EB-5,853,4,778,71,0,0.47,91.21,8.32
Capped,2018,ROW,EB-1,7231,0,7052,179,0,0.00,97.52,2.48
Capped,2018,ROW,EB-2,10387,0,10033,354,0,0.00,96.59,3.41
Capped,2018,ROW,EB-3,10293,0,9911,382,0,0.00,96.29,3.71
Capped,2018,ROW,EB-4,6243,786,2062,3395,0,12.59,33.03,54.38
Capped,2018,ROW,EB-5,2655,0,2655,0,0,0.00,100.00,0.00
Capped,2019,China,EB-1,1124,0,1052,72,0,0.00,93.59,6.41
Capped,2019,China,EB-2,2141,390,1059,692,0,18.22,49.46,32.32
Capped,2019,China,EB-3,1242,122,651,469,0,9.82,52.42,37.76
Capped,2019,China,EB-4,47,0,47,0,0,0.00,100.00,0.00
Capped,2019,China,EB-5,1300,37,894,369,0,2.85,68.77,28.38
Capped,2019,India,EB-1,3537,0,3409,128,0,0.00,96.38,3.62
Capped,2019,India,EB-2,20287,9474,0,10813,0,46.70,0.00,53.30
Capped,2019,India,EB-3,5036,2191,28,2817,0,43.51,0.56,55.94
Capped,2019,India,EB-4,505,36,270,199,0,7.13,53.47,39.41
Capped,2019,India,EB-5,253,3,228,22,0,1.19,90.12,8.70
Capped,2019,ROW,EB-1,5720,0,5597,123,0,0.00,97.85,2.15
Capped,2019,ROW,EB-2,10835,2,10422,411,0,0.02,96.19,3.79
Capped,2019,ROW,EB-3,12196,0,11419,777,0,0.00,93.63,6.37
Capped,2019,ROW,EB-4,8650,1180,2552,4918,0,13.64,29.50,56.86
Capped,2019,ROW,EB-5,796,0,796,0,0,0.00,100.00,0.00
Capped,2020,China,EB-1,897,0,853,44,0,0.00,95.09,4.91
Capped,2020,China,EB-2,2118,556,777,785,0,26.25,36.69,37.06
Capped,2020,China,EB-3,1507,160,781,566,0,10.62,51.82,37.56
Capped,2020,China,EB-4,23,0,23,0,0,0.00,100.00,0.00
Capped,2020,China,EB-5,850,13,626,211,0,1.53,73.65,24.82
Capped,2020,India,EB-1,3139,0,3070,69,0,0.00,97.80,2.20
Capped,2020,India,EB-2,16656,7322,0,8698,636,43.96,0.00,52.22
Capped,2020,India,EB-3,4160,1728,0,2239,193,41.54,0.00,53.82
Capped,2020,India,EB-4,547,40,298,209,0,7.31,54.48,38.21
Capped,2020,India,EB-5,190,4,172,14,0,2.11,90.53,7.37
Capped,2020,ROW,EB-1,5418,0,5418,0,0,0.00,100.00,0.00
Capped,2020,ROW,EB-2,9952,4,9339,609,0,0.04,93.84,6.12
Capped,2020,ROW,EB-3,11273,0,10358,915,0,0.00,91.88,8.12
Capped,2020,ROW,EB-4,8455,1424,1957,5074,0,16.84,23.15,60.01
Capped,2020,ROW,EB-5,500,0,500,0,0,0.00,100.00,0.00
Capped,2021,China,EB-1,970,0,929,41,0,0.00,95.77,4.23
Capped,2021,China,EB-2,1936,641,511,784,0,33.11,26.39,40.50
Capped,2021,China,EB-3,3317,456,1468,1393,0,13.75,44.26,42.00
Capped,2021,China,EB-4,9,0,9,0,0,0.00,100.00,0.00
Capped,2021,China,EB-5,765,0,586,179,0,0.00,76.60,23.40
Capped,2021,India,EB-1,3844,0,3755,89,0,0.00,97.68,2.32
Capped,2021,India,EB-2,17643,7228,0,8999,1416,40.97,0.00,51.01
Capped,2021,India,EB-3,22134,8151,0,11778,2205,36.83,0.00,53.21
Capped,2021,India,EB-4,446,35,229,182,0,7.85,51.35,40.81
Capped,2021,India,EB-5,231,2,196,33,0,0.87,84.85,14.29
Capped,2021,ROW,EB-1,5041,0,5041,0,0,0.00,100.00,0.00
Capped,2021,ROW,EB-2,10572,5,9895,672,0,0.05,93.60,6.36
Capped,2021,ROW,EB-3,11271,0,10468,803,0,0.00,92.88,7.12
Capped,2021,ROW,EB-4,9935,1957,1786,6192,0,19.70,17.98,62.33
Capped,2021,ROW,EB-5,559,0,556,3,0,0.00,99.46,0.54
Capped,2022,China,EB-1,1331,0,1280,51,0,0.00,96.17,3.83
Capped,2022,China,EB-2,2129,827,297,923,82,38.84,13.95,43.35
Capped,2022,China,EB-3,1301,239,486,576,0,18.37,37.36,44.27
Capped,2022,China,EB-4,43,0,43,0,0,0.00,100.00,0.00
Capped,2022,China,EB-5,189,0,163,26,0,0.00,86.24,13.76
Capped,2022,India,EB-1,4337,0,4219,118,0,0.00,97.28,2.72
Capped,2022,India,EB-2,21408,7841,0,10624,2943,36.63,0.00,49.63
Capped,2022,India,EB-3,7678,2441,0,3949,1288,31.79,0.00,51.43
Capped,2022,India,EB-4,1078,114,491,473,0,10.58,45.55,43.88
Capped,2022,India,EB-5,60,0,53,7,0,0.00,88.33,11.67
Capped,2022,ROW,EB-1,6274,0,6274,0,0,0.00,100.00,0.00
Capped,2022,ROW,EB-2,12879,3,12162,714,0,0.02,94.43,5.54
Capped,2022,ROW,EB-3,14739,0,13640,1099,0,0.00,92.54,7.46
Capped,2022,ROW,EB-4,15871,3380,2237,10254,0,21.30,14.09,64.61
Capped,2022,ROW,EB-5,142,0,142,0,0,0.00,100.00,0.00
Capped,2023,China,EB-1,2151,0,2039,112,0,0.00,94.79,5.21
Capped,2023,China,EB-2,2582,1046,0,1062,474,40.51,0.00,41.13
Capped,2023,China,EB-3,1063,183,391,489,0,17.22,36.78,46.00
Capped,2023,China,EB-4,22,0,22,0,0,0.00,100.00,0.00
Capped,2023,China,EB-5,651,0,548,103,0,0.00,84.18,15.82
Capped,2023,India,EB-1,5771,1,5595,175,0,0.02,96.95,3.03
Capped,2023,India,EB-2,18315,6239,0,8358,3718,34.06,0.00,45.63
Capped,2023,India,EB-3,5829,1712,0,2746,1371,29.37,0.00,47.11
Capped,2023,India,EB-4,1152,148,463,541,0,12.85,40.19,46.96
Capped,2023,India,EB-5,230,0,214,16,0,0.00,93.04,6.96
Capped,2023,ROW,EB-1,8285,0,8285,0,0,0.00,100.00,0.00
Capped,2023,ROW,EB-2,16357,10,15151,1196,0,0.06,92.63,7.31
Capped,2023,ROW,EB-3,18930,19,16932,1979,0,0.10,89.45,10.45
Capped,2023,ROW,EB-4,10734,2551,985,7198,0,23.77,9.18,67.06
Capped,2023,ROW,EB-5,528,0,528,0,0,0.00,100.00,0.00
Capped,2024,China,EB-1,1891,0,1736,155,0,0.00,91.80,8.20
Capped,2024,China,EB-2,2549,885,0,1042,622,34.72,0.00,40.88
Capped,2024,China,EB-3,2326,459,794,1073,0,19.73,34.14,46.13
Capped,2024,China,EB-4,37,0,37,0,0,0.00,100.00,0.00
Capped,2024,China,EB-5,1564,0,1340,224,0,0.00,85.68,14.32
Capped,2024,India,EB-1,4740,12,4502,226,0,0.25,94.98,4.77
Capped,2024,India,EB-2,18087,5290,0,7922,4875,29.25,0.00,43.80
Capped,2024,India,EB-3,4812,1189,0,2141,1482,24.71,0.00,44.49
Capped,2024,India,EB-4,931,167,346,418,0,17.94,37.16,44.90
Capped,2024,India,EB-5,679,3,598,78,0,0.44,88.07,11.49
Capped,2024,ROW,EB-1,8031,0,8031,0,0,0.00,100.00,0.00
Capped,2024,ROW,EB-2,12929,13,11776,1140,0,0.10,91.08,8.82
Capped,2024,ROW,EB-3,17108,46,14546,2516,0,0.27,85.02,14.71
Capped,2024,ROW,EB-4,11047,2792,35,7632,588,25.27,0.32,69.09
Capped,2024,ROW,EB-5,1247,0,1247,0,0,0.00,100.00,0.00
Capped,2025,China,EB-1,1920,2,1704,214,0,0.10,88.75,11.15
Capped,2025,China,EB-2,2568,875,0,923,770,34.07,0.00,35.94
Capped,2025,China,EB-3,2318,537,661,1104,16,23.17,28.52,47.63
Capped,2025,China,EB-4,39,0,39,0,0,0.00,100.00,0.00
Capped,2025,China,EB-5,1609,0,1377,232,0,0.00,85.58,14.42
Capped,2025,India,EB-1,4685,12,4377,296,0,0.26,93.43,6.32
Capped,2025,India,EB-2,18215,4514,0,7410,6291,24.78,0.00,40.68
Capped,2025,India,EB-3,4700,917,0,1972,1811,19.51,0.00,41.96
Capped,2025,India,EB-4,959,170,277,512,0,17.73,28.88,53.39
Capped,2025,India,EB-5,692,6,622,64,0,0.87,89.88,9.25
Capped,2025,ROW,EB-1,7895,0,7895,0,0,0.00,100.00,0.00
Capped,2025,ROW,EB-2,13030,22,11826,1182,0,0.17,90.76,9.07
Capped,2025,ROW,EB-3,17208,95,14190,2923,0,0.55,82.46,16.99
Capped,2025,ROW,EB-4,11070,2735,0,7495,840,24.71,0.00,67.71
Capped,2025,ROW,EB-5,1193,0,1193,0,0,0.00,100.00,0.00
Capped,2026,China,EB-1,1835,11,1624,200,0,0.60,88.50,10.90
Capped,2026,China,EB-2,2686,761,0,974,951,28.33,0.00,36.26
Capped,2026,China,EB-3,2332,545,0,1148,639,23.37,0.00,49.23
Capped,2026,China,EB-4,47,0,47,0,0,0.00,100.00,0.00
Capped,2026,China,EB-5,1514,0,1274,240,0,0.00,84.15,15.85
Capped,2026,India,EB-1,4571,20,4162,389,0,0.44,91.05,8.51
Capped,2026,India,EB-2,18409,3904,0,6807,7698,21.21,0.00,36.98
Capped,2026,India,EB-3,4680,786,0,1788,2106,16.79,0.00,38.21
Capped,2026,India,EB-4,998,198,269,531,0,19.84,26.95,53.21
Capped,2026,India,EB-5,720,4,658,58,0,0.56,91.39,8.06
Capped,2026,ROW,EB-1,8164,0,8164,0,0,0.00,100.00,0.00
Capped,2026,ROW,EB-2,12821,16,11570,1235,0,0.12,90.24,9.63
Capped,2026,ROW,EB-3,17105,150,13577,3378,0,0.88,79.37,19.75
Capped,2026,ROW,EB-4,10965,2507,0,7266,1192,22.86,0.00,66.27
Capped,2026,ROW,EB-5,1282,0,1282,0,0,0.00,100.00,0.00
Capped,2027,China,EB-1,1917,15,1638,264,0,0.78,85.45,13.77
Capped,2027,China,EB-2,2611,646,0,876,1089,24.74,0.00,33.55
Capped,2027,China,EB-3,2309,481,0,1098,730,20.83,0.00,47.55
Capped,2027,China,EB-4,66,0,66,0,0,0.00,100.00,0.00
Capped,2027,China,EB-5,1529,0,1309,220,0,0.00,85.61,14.39
Capped,2027,India,EB-1,4587,41,4145,401,0,0.89,90.36,8.74
Capped,2027,India,EB-2,18509,3274,0,6147,9088,17.69,0.00,33.21
Capped,2027,India,EB-3,4756,681,0,1577,2498,14.32,0.00,33.16
Capped,2027,India,EB-4,966,204,236,526,0,21.12,24.43,54.45
Capped,2027,India,EB-5,718,3,647,68,0,0.42,90.11,9.47
Capped,2027,ROW,EB-1,8299,0,8299,0,0,0.00,100.00,0.00
Capped,2027,ROW,EB-2,13151,28,11703,1420,0,0.21,88.99,10.80
Capped,2027,ROW,EB-3,17415,192,13433,3790,0,1.10,77.13,21.76
Capped,2027,ROW,EB-4,10915,2309,0,7186,1420,21.15,0.00,65.84
Capped,2027,ROW,EB-5,1318,0,1318,0,0,0.00,100.00,0.00
Capped,2028,China,EB-1,1856,41,1545,270,0,2.21,83.24,14.55
Capped,2028,China,EB-2,2523,518,0,850,1155,20.53,0.00,33.69
Capped,2028,China,EB-3,2393,433,0,1042,918,18.09,0.00,43.54
Capped,2028,China,EB-4,49,0,49,0,0,0.00,100.00,0.00
Capped,2028,China,EB-5,1568,0,1331,237,0,0.00,84.89,15.11
Capped,2028,India,EB-1,4536,53,3986,497,0,1.17,87.87,10.96
Capped,2028,India,EB-2,18117,2564,0,5530,10023,14.15,0.00,30.52
Capped,2028,India,EB-3,4750,472,0,1506,2772,9.94,0.00,31.71
Capped,2028,India,EB-4,940,220,37,541,142,23.40,3.94,57.55
Capped,2028,India,EB-5,664,10,588,66,0,1.51,88.55,9.94
Capped,2028,ROW,EB-1,8143,0,8143,0,0,0.00,100.00,0.00
Capped,2028,ROW,EB-2,12900,32,11533,1335,0,0.25,89.40,10.35
Capped,2028,ROW,EB-3,17071,273,12623,4175,0,1.60,73.94,24.46
Capped,2028,ROW,EB-4,11202,2233,0,6953,2016,19.93,0.00,62.07
Capped,2028,ROW,EB-5,1261,0,1261,0,0,0.00,100.00,0.00
Capped,2029,China,EB-1,1846,61,1477,308,0,3.30,80.01,16.68
Capped,2029,China,EB-2,2596,462,0,739,1395,17.80,0.00,28.47
Capped,2029,China,EB-3,2311,322,0,1010,979,13.93,0.00,43.70
Capped,2029,China,EB-4,55,0,55,0,0,0.00,100.00,0.00
Capped,2029,China,EB-5,1546,0,1322,224,0,0.00,85.51,14.49
Capped,2029,India,EB-1,4599,75,4041,483,0,1.63,87.87,10.50
Capped,2029,India,EB-2,18302,1984,0,4857,11461,10.84,0.00,26.54
Capped,2029,India,EB-3,4735,385,0,1455,2895,8.13,0.00,30.73
Capped,2029,India,EB-4,878,182,0,474,222,20.73,0.00,53.99
Capped,2029,India,EB-5,709,8,639,62,0,1.13,90.13,8.74
Capped,2029,ROW,EB-1,8316,0,8316,0,0,0.00,100.00,0.00
Capped,2029,ROW,EB-2,12975,28,11448,1499,0,0.22,88.23,11.55
Capped,2029,ROW,EB-3,17147,372,12320,4455,0,2.17,71.85,25.98
Capped,2029,ROW,EB-4,11057,1896,0,6753,2408,17.15,0.00,61.07
Capped,2029,ROW,EB-5,1237,0,1237,0,0,0.00,100.00,0.00
Capped,2030,China,EB-1,1887,78,1432,377,0,4.13,75.89,19.98
Capped,2030,China,EB-2,2550,359,0,786,1405,14.08,0.00,30.82
Capped,2030,China,EB-3,2305,303,0,876,1126,13.15,0.00,38.00
Capped,2030,China,EB-4,55,0,55,0,0,0.00,100.00,0.00
Capped,2030,China,EB-5,1535,0,1271,264,0,0.00,82.80,17.20
Capped,2030,India,EB-1,4717,136,3978,603,0,2.88,84.33,12.78
Capped,2030,India,EB-2,18239,1481,0,4360,12398,8.12,0.00,23.90
Capped,2030,India,EB-3,4750,296,0,1291,3163,6.23,0.00,27.18
Capped,2030,India,EB-4,937,180,0,493,264,19.21,0.00,52.61
Capped,2030,India,EB-5,713,7,630,76,0,0.98,88.36,10.66
Capped,2030,ROW,EB-1,8225,0,8225,0,0,0.00,100.00,0.00
Capped,2030,ROW,EB-2,12705,24,11046,1635,0,0.19,86.94,12.87
Capped,2030,ROW,EB-3,17095,473,11995,4627,0,2.77,70.17,27.07
Capped,2030,ROW,EB-4,11006,1736,0,6499,2771,15.77,0.00,59.05
Capped,2030,ROW,EB-5,1215,0,1215,0,0,0.00,100.00,0.00
Capped,2031,China,EB-1,1925,85,1398,442,0,4.42,72.62,22.96
Capped,2031,China,EB-2,2537,247,0,717,1573,9.74,0.00,28.26
Capped,2031,China,EB-3,2432,258,0,908,1266,10.61,0.00,37.34
Capped,2031,China,EB-4,45,0,45,0,0,0.00,100.00,0.00
Capped,2031,China,EB-5,1527,0,1295,232,0,0.00,84.81,15.19
Capped,2031,India,EB-1,4615,177,3780,658,0,3.84,81.91,14.26
Capped,2031,India,EB-2,18364,1041,0,3898,13425,5.67,0.00,21.23
Capped,2031,India,EB-3,4589,194,0,1157,3238,4.23,0.00,25.21
Capped,2031,India,EB-4,882,122,0,488,272,13.83,0.00,55.33
Capped,2031,India,EB-5,691,10,622,59,0,1.45,90.01,8.54
Capped,2031,ROW,EB-1,8104,0,8104,0,0,0.00,100.00,0.00
Capped,2031,ROW,EB-2,12933,43,11180,1710,0,0.33,86.45,13.22
Capped,2031,ROW,EB-3,17036,522,11690,4824,0,3.06,68.62,28.32
Capped,2031,ROW,EB-4,10933,1540,0,6150,3243,14.09,0.00,56.25
Capped,2031,ROW,EB-5,1258,0,1258,0,0,0.00,100.00,0.00
Capped,2032,China,EB-1,1785,146,704,340,595,8.18,39.44,19.05
Capped,2032,China,EB-2,2623,260,0,721,1642,9.91,0.00,27.49
Capped,2032,China,EB-3,2186,204,0,795,1187,9.33,0.00,36.37
Capped,2032,China,EB-4,50,0,50,0,0,0.00,100.00,0.00
Capped,2032,China,EB-5,1559,0,1369,190,0,0.00,87.81,12.19
Capped,2032,India,EB-1,4665,223,1890,736,1816,4.78,40.51,15.78
Capped,2032,India,EB-2,18272,715,0,3382,14175,3.91,0.00,18.51
Capped,2032,India,EB-3,4668,128,0,978,3562,2.74,0.00,20.95
Capped,2032,India,EB-4,857,107,0,404,346,12.49,0.00,47.14
Capped,2032,India,EB-5,712,8,631,73,0,1.12,88.62,10.25
Capped,2032,ROW,EB-1,8109,0,8109,0,0,0.00,100.00,0.00
Capped,2032,ROW,EB-2,12903,46,11140,1717,0,0.36,86.34,13.31
Capped,2032,ROW,EB-3,16910,619,11422,4869,0,3.66,67.55,28.79
Capped,2032,ROW,EB-4,10966,1326,0,5733,3907,12.09,0.00,52.28
Capped,2032,ROW,EB-5,1282,0,1282,0,0,0.00,100.00,0.00
Capped,2033,China,EB-1,1821,100,0,365,1356,5.49,0.00,20.04
Capped,2033,China,EB-2,2676,146,0,635,1895,5.46,0.00,23.73
Capped,2033,China,EB-3,2247,153,0,677,1417,6.81,0.00,30.13
Capped,2033,China,EB-4,50,0,50,0,0,0.00,100.00,0.00
Capped,2033,China,EB-5,1554,0,1324,230,0,0.00,85.20,14.80
Capped,2033,India,EB-1,4630,202,0,656,3772,4.36,0.00,14.17
Capped,2033,India,EB-2,18348,434,0,2813,15101,2.37,0.00,15.33
Capped,2033,India,EB-3,4749,88,0,947,3714,1.85,0.00,19.94
Capped,2033,India,EB-4,848,90,0,384,374,10.61,0.00,45.28
Capped,2033,India,EB-5,754,14,670,70,0,1.86,88.86,9.28
Capped,2033,ROW,EB-1,8283,0,8283,0,0,0.00,100.00,0.00
Capped,2033,ROW,EB-2,12992,55,11117,1820,0,0.42,85.57,14.01
Capped,2033,ROW,EB-3,17081,722,9577,5081,1701,4.23,56.07,29.75
Capped,2033,ROW,EB-4,11022,1010,0,5517,4495,9.16,0.00,50.05
Capped,2033,ROW,EB-5,1379,0,1379,0,0,0.00,100.00,0.00
Capped,2034,China,EB-1,1932,87,0,336,1509,4.50,0.00,17.39
Capped,2034,China,EB-2,2621,88,0,544,1989,3.36,0.00,20.76
Capped,2034,China,EB-3,2327,78,0,664,1585,3.35,0.00,28.53
Capped,2034,China,EB-4,55,0,55,0,0,0.00,100.00,0.00
Capped,2034,China,EB-5,1543,0,1257,286,0,0.00,81.46,18.54
Capped,2034,India,EB-1,4669,115,0,585,3969,2.46,0.00,12.53
Capped,2034,India,EB-2,18261,279,0,2525,15457,1.53,0.00,13.83
Capped,2034,India,EB-3,4638,50,0,782,3806,1.08,0.00,16.86
Capped,2034,India,EB-4,970,91,0,383,496,9.38,0.00,39.48
Capped,2034,India,EB-5,720,13,623,84,0,1.81,86.53,11.67
Capped,2034,ROW,EB-1,8222,0,8222,0,0,0.00,100.00,0.00
Capped,2034,ROW,EB-2,12886,55,11038,1793,0,0.43,85.66,13.91
Capped,2034,ROW,EB-3,17174,705,0,5196,11273,4.11,0.00,30.26
Capped,2034,ROW,EB-4,11064,816,0,5135,5113,7.38,0.00,46.41
Capped,2034,ROW,EB-5,1149,0,1149,0,0,0.00,100.00,0.00
Capped,2035,China,EB-1,1864,20,0,302,1542,1.07,0.00,16.20
Capped,2035,China,EB-2,2424,26,0,411,1987,1.07,0.00,16.96
Capped,2035,China,EB-3,2259,38,0,619,1602,1.68,0.00,27.40
Capped,2035,China,EB-4,34,0,34,0,0,0.00,100.00,0.00
Capped,2035,China,EB-5,1578,0,1325,253,0,0.00,83.97,16.03
Capped,2035,India,EB-1,4665,47,0,498,4120,1.01,0.00,10.68
Capped,2035,India,EB-2,18407,166,0,2261,15980,0.90,0.00,12.28
Capped,2035,India,EB-3,4548,40,0,776,3732,0.88,0.00,17.06
Capped,2035,India,EB-4,900,54,0,330,516,6.00,0.00,36.67
Capped,2035,India,EB-5,676,9,590,77,0,1.33,87.28,11.39
Capped,2035,ROW,EB-1,8360,0,8360,0,0,0.00,100.00,0.00
Capped,2035,ROW,EB-2,12828,55,10906,1867,0,0.43,85.02,14.55
Capped,2035,ROW,EB-3,17302,478,0,4603,12221,2.76,0.00,26.60
Capped,2035,ROW,EB-4,11047,638,0,4518,5891,5.78,0.00,40.90
Capped,2035,ROW,EB-5,1299,0,1299,0,0,0.00,100.00,0.00
Capped,2036,China,EB-1,1932,9,0,224,1699,0.47,0.00,11.59
Capped,2036,China,EB-2,2539,15,0,403,2121,0.59,0.00,15.87
Capped,2036,China,EB-3,2323,24,0,566,1733,1.03,0.00,24.37
Capped,2036,China,EB-4,51,0,51,0,0,0.00,100.00,0.00
Capped,2036,China,EB-5,1529,0,331,232,966,0.00,21.65,15.17
Capped,2036,India,EB-1,4773,39,0,409,4325,0.82,0.00,8.57
Capped,2036,India,EB-2,18421,111,0,1933,16377,0.60,0.00,10.49
Capped,2036,India,EB-3,4639,19,0,599,4021,0.41,0.00,12.91
Capped,2036,India,EB-4,945,27,0,338,580,2.86,0.00,35.77
Capped,2036,India,EB-5,631,14,142,84,391,2.22,22.50,13.31
Capped,2036,ROW,EB-1,8061,0,8061,0,0,0.00,100.00,0.00
Capped,2036,ROW,EB-2,12786,55,10861,1870,0,0.43,84.94,14.63
Capped,2036,ROW,EB-3,17133,231,0,4082,12820,1.35,0.00,23.83
Capped,2036,ROW,EB-4,11072,383,0,4093,6596,3.46,0.00,36.97
Capped,2036,ROW,EB-5,1262,0,1262,0,0,0.00,100.00,0.00
Capped,2037,China,EB-1,1869,0,0,147,1722,0.00,0.00,7.87
Capped,2037,China,EB-2,2580,6,0,322,2252,0.23,0.00,12.48
Capped,2037,China,EB-3,2313,7,0,421,1885,0.30,0.00,18.20
Capped,2037,China,EB-4,44,0,44,0,0,0.00,100.00,0.00
Capped,2037,China,EB-5,1508,0,0,191,1317,0.00,0.00,12.67
Capped,2037,India,EB-1,4698,14,0,280,4404,0.30,0.00,5.96
Capped,2037,India,EB-2,18366,33,0,1427,16906,0.18,0.00,7.77
Capped,2037,India,EB-3,4682,6,0,522,4154,0.13,0.00,11.15
Capped,2037,India,EB-4,903,13,0,249,641,1.44,0.00,27.57
Capped,2037,India,EB-5,732,0,0,75,657,0.00,0.00,10.25
Capped,2037,ROW,EB-1,8057,0,8057,0,0,0.00,100.00,0.00
Capped,2037,ROW,EB-2,12409,57,3051,1852,7449,0.46,24.59,14.92
Capped,2037,ROW,EB-3,16855,148,0,3212,13495,0.88,0.00,19.06
Capped,2037,ROW,EB-4,10917,228,0,3294,7395,2.09,0.00,30.17
Capped,2037,ROW,EB-5,1206,0,1206,0,0,0.00,100.00,0.00
Capped,2038,China,EB-1,1950,0,0,142,1808,0.00,0.00,7.28
Capped,2038,China,EB-2,2472,0,0,224,2248,0.00,0.00,9.06
Capped,2038,China,EB-3,2361,0,0,299,2062,0.00,0.00,12.66
Capped,2038,China,EB-4,57,0,57,0,0,0.00,100.00,0.00
Capped,2038,China,EB-5,1532,0,0,134,1398,0.00,0.00,8.75
Capped,2038,India,EB-1,4806,4,0,228,4574,0.08,0.00,4.74
Capped,2038,India,EB-2,18367,4,0,1147,17216,0.02,0.00,6.24
Capped,2038,India,EB-3,4585,0,0,403,4182,0.00,0.00,8.79
Capped,2038,India,EB-4,960,8,0,219,733,0.83,0.00,22.81
Capped,2038,India,EB-5,704,0,0,59,645,0.00,0.00,8.38
Capped,2038,ROW,EB-1,8176,0,8176,0,0,0.00,100.00,0.00
Capped,2038,ROW,EB-2,13107,42,0,1602,11463,0.32,0.00,12.22
Capped,2038,ROW,EB-3,17255,30,0,2587,14638,0.17,0.00,14.99
Capped,2038,ROW,EB-4,11127,88,0,2523,8516,0.79,0.00,22.67
Capped,2038,ROW,EB-5,1280,0,1280,0,0,0.00,100.00,0.00
Capped,2039,China,EB-1,1866,0,0,80,1786,0.00,0.00,4.29
Capped,2039,China,EB-2,2500,0,0,166,2334,0.00,0.00,6.64
Capped,2039,China,EB-3,2398,0,0,237,2161,0.00,0.00,9.88
Capped,2039,China,EB-4,62,0,62,0,0,0.00,100.00,0.00
Capped,2039,China,EB-5,1614,0,0,120,1494,0.00,0.00,7.43
Capped,2039,India,EB-1,4742,0,0,162,4580,0.00,0.00,3.42
Capped,2039,India,EB-2,18271,0,0,779,17492,0.00,0.00,4.26
Capped,2039,India,EB-3,4801,0,0,251,4550,0.00,0.00,5.23
Capped,2039,India,EB-4,932,1,0,146,785,0.11,0.00,15.67
Capped,2039,India,EB-5,715,0,0,38,677,0.00,0.00,5.31
Capped,2039,ROW,EB-1,8210,0,8210,0,0,0.00,100.00,0.00
Capped,2039,ROW,EB-2,13406,17,0,1079,12310,0.13,0.00,8.05
Capped,2039,ROW,EB-3,16891,0,0,1746,15145,0.00,0.00,10.34
Capped,2039,ROW,EB-4,10872,29,0,1712,9131,0.27,0.00,15.75
Capped,2039,ROW,EB-5,1214,0,1214,0,0,0.00,100.00,0.00
Capped,2040,China,EB-1,1872,0,0,51,1821,0.00,0.00,2.72
Capped,2040,China,EB-2,2577,0,0,66,2511,0.00,0.00,2.56
Capped,2040,China,EB-3,2363,0,0,103,2260,0.00,0.00,4.36
Capped,2040,China,EB-4,59,0,59,0,0,0.00,100.00,0.00
Capped,2040,China,EB-5,1559,0,0,52,1507,0.00,0.00,3.34
Capped,2040,India,EB-1,4529,0,0,63,4466,0.00,0.00,1.39
Capped,2040,India,EB-2,18169,0,0,375,17794,0.00,0.00,2.06
Capped,2040,India,EB-3,4564,0,0,126,4438,0.00,0.00,2.76
Capped,2040,India,EB-4,898,0,0,51,847,0.00,0.00,5.68
Capped,2040,India,EB-5,696,0,0,18,678,0.00,0.00,2.59
Capped,2040,ROW,EB-1,8160,0,8160,0,0,0.00,100.00,0.00
Capped,2040,ROW,EB-2,13381,0,0,514,12867,0.00,0.00,3.84
Capped,2040,ROW,EB-3,17393,0,0,960,16433,0.00,0.00,5.52
Capped,2040,ROW,EB-4,10988,0,0,800,10188,0.00,0.00,7.28
Capped,2040,ROW,EB-5,1229,0,1229,0,0,0.00,100.00,0.00
